id,assignee_id,title,description,priority,status,dueDate
1,20,"Squirrel, golden-mantled ground",Donec ut dolor.,10,20,2025-07-05T05:17:37Z
2,13,Bird (unidentified),Fusce consequat.,20,10,2025-10-27T15:31:46Z
3,23,White-throated monitor,Quisque porta volutpat erat.,10,10,2025-05-06T07:49:40Z
4,22,"Legaan, Monitor (unidentified)",Pellentesque viverra pede ac diam.,10,30,2024-12-14T09:13:19Z
5,1,"Oryx, fringe-eared","Morbi vestibulum, velit id pretium iaculis, diam erat fermentum justo, nec condimentum neque sapien placerat ante.",10,20,2025-11-20T14:57:56Z
6,14,Striped dolphin,Morbi non quam nec dui luctus rutrum.,30,10,2025-04-13T01:23:32Z
7,4,Red-winged blackbird,Donec quis orci eget orci vehicula condimentum.,20,20,2025-08-04T07:17:41Z
8,30,"Hare, arctic",Pellentesque ultrices mattis odio.,30,10,2025-12-01T15:29:41Z
9,8,Giant anteater,In sagittis dui vel nisl.,30,30,2025-10-07T14:10:48Z
10,25,Yellow-brown sungazer,"Maecenas leo odio, condimentum id, luctus nec, molestie sed, justo.",30,10,2025-05-12T03:30:16Z
11,10,Black-capped chickadee,"Cum sociis natoque penatibus et magnis dis parturient montes, nascetur ridiculus mus.",20,20,2024-12-26T15:18:37Z
12,18,"Boa, mexican","Integer pede justo, lacinia eget, tincidunt eget, tempus vel, pede.",20,30,2025-04-26T06:24:11Z
13,7,Sea birds (unidentified),Integer ac neque.,10,20,2025-11-01T13:01:04Z
14,7,Red-cheeked cordon bleu,Quisque ut erat.,10,30,2025-09-02T20:15:08Z
15,5,White-winged dove,Phasellus id sapien in sapien iaculis congue.,30,10,2025-10-16T14:28:06Z
16,16,Blue crane,Pellentesque at nulla.,30,20,2024-12-11T05:55:40Z
17,29,"Hornbill, leadbeateri's ground",Nulla nisl.,30,20,2025-05-02T05:18:34Z
18,3,"Dove, mourning collared",Praesent blandit.,10,20,2025-01-19T05:26:15Z
19,26,"Cobra, cape",Nulla tempus.,20,20,2025-06-26T11:06:42Z
20,25,"Otter, cape clawless",In hac habitasse platea dictumst.,30,30,2025-05-06T04:34:02Z
21,5,Brush-tailed phascogale,Aenean fermentum.,10,20,2025-07-22T05:25:43Z
22,19,Sarus crane,"Donec odio justo, sollicitudin ut, suscipit a, feugiat et, eros.",30,20,2025-11-12T07:28:16Z
23,17,"Hyena, brown",Nulla ut erat id mauris vulputate elementum.,10,30,2025-11-26T06:23:30Z
24,26,"Cormorant, neotropic",In sagittis dui vel nisl.,30,10,2025-06-20T13:36:01Z
25,24,Black and white colobus,Nunc nisl.,20,20,2025-10-22T02:47:43Z
26,3,"Crab, red lava",Aliquam quis turpis eget elit sodales scelerisque.,10,30,2025-04-19T20:31:47Z
27,21,"Turkey, wild",Cras pellentesque volutpat dui.,30,20,2025-07-23T16:08:49Z
28,30,"Monkey, vervet",Donec ut dolor.,10,10,2025-09-18T21:29:36Z
29,14,Bonnet macaque,Nunc purus.,10,10,2024-12-13T00:11:56Z
30,26,Olive baboon,Duis consequat dui nec nisi volutpat eleifend.,30,30,2025-01-24T07:56:42Z
31,15,"Sloth, pale-throated three-toed",Quisque ut erat.,20,10,2025-10-10T03:26:00Z
32,4,Swamp deer,Phasellus sit amet erat.,20,30,2025-10-12T19:33:07Z
33,22,"Kangaroo, eastern grey",Nulla mollis molestie lorem.,10,20,2024-12-11T12:58:35Z
34,8,"Jackal, asiatic",Nullam sit amet turpis elementum ligula vehicula consequat.,30,10,2025-05-30T07:35:41Z
35,24,"Magpie, black-backed",Proin at turpis a pede posuere nonummy.,20,10,2025-05-21T21:56:13Z
36,23,White-necked stork,Sed sagittis.,10,10,2025-01-16T11:09:18Z
37,9,Western bearded dragon,Integer ac neque.,10,30,2025-10-18T13:58:57Z
38,18,"Goose, andean",In hac habitasse platea dictumst.,10,10,2025-11-29T09:26:30Z
39,27,"Macaque, rhesus",Nullam porttitor lacus at turpis.,10,10,2025-04-08T06:01:57Z
40,19,"Capuchin, brown",Vestibulum sed magna at nunc commodo placerat.,20,30,2025-05-31T15:41:16Z
41,16,"Porcupine, north american",Vestibulum ante ipsum primis in faucibus orci luctus et ultrices posuere cubilia Curae; Nulla dapibus dolor vel est.,30,30,2025-11-08T12:30:03Z
42,10,Netted rock dragon,Sed ante.,10,30,2025-01-27T00:27:36Z
43,21,"Frogmouth, tawny",Integer non velit.,10,30,2025-09-11T13:52:31Z
44,30,"Possum, pygmy",Nulla nisl.,10,10,2025-08-08T19:32:21Z
45,15,"Gull, dusky",Curabitur gravida nisi at nibh.,20,20,2025-05-22T05:10:25Z
46,23,Weeper capuchin,Curabitur convallis.,10,30,2025-09-23T17:54:49Z
47,21,"Baboon, gelada",Sed vel enim sit amet nunc viverra dapibus.,30,30,2025-02-07T17:10:39Z
48,1,"Tamandua, southern","Vestibulum quam sapien, varius ut, blandit non, interdum in, ante.",20,20,2025-03-28T04:51:18Z
49,21,Ant (unidentified),In hac habitasse platea dictumst.,10,10,2025-10-25T01:11:56Z
50,25,"Puma, south american","Nullam orci pede, venenatis non, sodales sed, tincidunt eu, felis.",30,10,
51,28,Green vine snake,"Quisque erat eros, viverra eget, congue eget, semper rutrum, nulla.",30,20,2025-09-04T23:05:20Z
52,3,Mara,"In est risus, auctor sed, tristique in, tempus sit amet, sem.",10,10,2025-07-02T12:25:35Z
53,17,Hudsonian godwit,"Morbi odio odio, elementum eu, interdum eu, tincidunt in, leo.",30,10,2025-06-25T01:50:43Z
54,24,"Baboon, savanna",Fusce consequat.,20,10,2025-11-22T14:26:13Z
55,29,Agouti,Vivamus vestibulum sagittis sapien.,30,30,2025-10-31T04:27:20Z
56,20,"Penguin, little blue",Nullam varius.,30,30,2025-05-07T06:06:07Z
57,10,"Buffalo, african",Donec vitae nisi.,10,10,2025-01-21T02:54:53Z
58,24,Cottonmouth,Cras non velit nec nisi vulputate nonummy.,30,20,2025-03-13T08:20:00Z
59,26,Green-winged macaw,Nulla justo.,30,10,2025-11-13T14:54:32Z
60,30,Red-billed buffalo weaver,Nulla ut erat id mauris vulputate elementum.,10,10,2024-12-19T22:52:11Z
61,29,"Rhinoceros, black",Mauris lacinia sapien quis libero.,20,10,2025-03-11T16:46:05Z
62,15,"Shark, blue",Vivamus vestibulum sagittis sapien.,20,10,2025-09-29T22:22:37Z
63,24,Adouri (unidentified),Maecenas ut massa quis augue luctus tincidunt.,30,20,
64,15,Miner's cat,Curabitur at ipsum ac tellus semper interdum.,30,10,2025-05-05T06:52:42Z
65,8,"Bear, polar","Morbi odio odio, elementum eu, interdum eu, tincidunt in, leo.",10,20,2025-04-10T01:01:34Z
66,3,"Sungazer, yellow-brown",Duis ac nibh.,10,10,2025-07-21T00:01:53Z
67,14,Asian red fox,Duis mattis egestas metus.,10,20,2025-07-08T14:52:31Z
68,20,Scarlet macaw,Proin risus.,20,20,
69,7,Llama,Vestibulum ac est lacinia nisi venenatis tristique.,30,30,
70,14,Eastern indigo snake,Nulla mollis molestie lorem.,30,30,2024-12-18T18:12:40Z
71,17,"Caiman, spectacled","Morbi odio odio, elementum eu, interdum eu, tincidunt in, leo.",30,20,2025-04-28T03:37:10Z
72,26,"Lorikeet, scaly-breasted",Pellentesque ultrices mattis odio.,20,30,2025-07-20T19:38:13Z
73,20,American bighorn sheep,Nullam porttitor lacus at turpis.,10,10,2025-07-29T01:40:31Z
74,22,Trumpeter swan,Curabitur at ipsum ac tellus semper interdum.,10,30,2025-01-26T23:27:26Z
75,13,Black-fronted bulbul,Donec ut dolor.,10,10,2025-08-03T12:48:54Z
76,1,Plains zebra,Suspendisse potenti.,30,10,
77,6,Red-breasted nuthatch,Vestibulum ante ipsum primis in faucibus orci luctus et ultrices posuere cubilia Curae; Duis faucibus accumsan odio.,10,20,2025-07-16T12:03:51Z
78,14,Stick insect,"Vivamus metus arcu, adipiscing molestie, hendrerit at, vulputate vitae, nisl.",30,30,2025-07-07T05:18:18Z
79,19,Helmeted guinea fowl,Vestibulum ante ipsum primis in faucibus orci luctus et ultrices posuere cubilia Curae; Nulla dapibus dolor vel est.,20,10,2025-12-05T11:16:48Z
80,4,"Beaver, eurasian",Maecenas rhoncus aliquam lacus.,30,30,2025-07-31T21:38:16Z
81,9,"Eland, common","Quisque arcu libero, rutrum ac, lobortis vel, dapibus at, diam.",10,10,
82,11,Genoveva,"In tempor, turpis nec euismod scelerisque, quam turpis adipiscing lorem, vitae mattis nibh ligula nec sem.",30,30,2025-07-13T10:52:14Z
83,25,"Baboon, chacma","Integer pede justo, lacinia eget, tincidunt eget, tempus vel, pede.",20,30,2025-07-19T04:23:09Z
84,13,Bushbuck,Vivamus vestibulum sagittis sapien.,30,20,2025-09-22T21:13:17Z
85,16,Malagasy ground boa,Curabitur convallis.,30,20,
86,19,"Reedbuck, bohor",Morbi porttitor lorem id ligula.,10,20,2025-04-26T05:15:21Z
87,9,African polecat,Curabitur in libero ut massa volutpat convallis.,10,30,2025-02-16T12:03:40Z
88,28,"Moorhen, purple","Duis bibendum, felis sed interdum venenatis, turpis enim blandit mi, in porttitor pede justo eu massa.",20,20,2025-02-28T06:09:09Z
89,21,Pied kingfisher,Proin eu mi.,20,30,2025-09-14T21:39:04Z
90,2,Openbill stork,"Donec diam neque, vestibulum eget, vulputate ut, ultrices vel, augue.",20,20,2025-08-02T17:53:24Z
91,20,Squirrel glider,Maecenas rhoncus aliquam lacus.,20,30,2025-02-25T21:50:21Z
92,6,"Dog, african wild",Duis bibendum.,10,10,2025-05-29T15:25:06Z
93,12,"Squirrel, eurasian red",Morbi a ipsum.,20,10,2025-07-29T00:38:11Z
94,7,Agama lizard (unidentified),Integer tincidunt ante vel ipsum.,10,30,2025-08-22T15:41:24Z
95,25,"Gull, herring","Proin leo odio, porttitor id, consequat in, consequat ut, nulla.",30,10,2025-01-25T04:02:10Z
96,20,"Badger, american","Morbi vestibulum, velit id pretium iaculis, diam erat fermentum justo, nec condimentum neque sapien placerat ante.",30,10,
97,30,Eastern indigo snake,Nulla suscipit ligula in lacus.,30,30,2025-09-03T20:49:49Z
98,12,"Mynah, common",Integer ac leo.,10,30,2025-08-16T13:07:25Z
99,4,Cape wild cat,Etiam pretium iaculis justo.,30,30,2025-06-17T22:22:03Z
100,14,"Kangaroo, red",In congue.,30,30,2025-06-08T09:53:03Z
101,7,"Squirrel, african bush",Morbi non quam nec dui luctus rutrum.,30,30,2025-01-06T10:33:32Z
102,27,Saddle-billed stork,"Donec diam neque, vestibulum eget, vulputate ut, ultrices vel, augue.",30,10,
103,1,"Heron, goliath","Vestibulum ante ipsum primis in faucibus orci luctus et ultrices posuere cubilia Curae; Donec pharetra, magna vestibulum aliquet ultrices, erat tortor sollicitudin mi, sit amet lobortis sapien sapien non mi.",30,30,2025-05-04T11:20:00Z
104,21,"Ox, musk",Nulla ac enim.,20,20,
105,1,African buffalo,Morbi non quam nec dui luctus rutrum.,20,20,2025-03-28T05:18:12Z
106,27,"Macaw, green-winged","In tempor, turpis nec euismod scelerisque, quam turpis adipiscing lorem, vitae mattis nibh ligula nec sem.",30,20,2025-07-30T03:01:15Z
107,21,Glossy starling (unidentified),Suspendisse potenti.,20,10,2025-08-27T17:43:03Z
108,28,Arboral spiny rat,Nullam porttitor lacus at turpis.,30,30,2025-11-29T07:29:16Z
109,22,Brown pelican,Suspendisse potenti.,10,10,2025-11-09T06:49:28Z
110,22,Gecko (unidentified),In congue.,30,30,2025-03-25T14:40:54Z
111,14,Striped hyena,In eleifend quam a odio.,20,30,2025-05-22T09:30:50Z
112,23,Red-billed toucan,Nullam porttitor lacus at turpis.,30,20,2025-10-19T00:12:18Z
113,12,Javanese cormorant,Morbi quis tortor id nulla ultrices aliquet.,30,10,2025-10-17T06:29:01Z
114,1,Dabchick,"Proin leo odio, porttitor id, consequat in, consequat ut, nulla.",10,30,2025-08-11T17:42:57Z
115,3,Southern brown bandicoot,Nulla facilisi.,10,30,2024-12-28T23:15:48Z
116,5,"Heron, boat-billed","Aliquam augue quam, sollicitudin vitae, consectetuer eget, rutrum at, lorem.",20,30,2024-12-21T19:06:12Z
117,20,White-fronted bee-eater,Integer ac leo.,30,30,2025-02-15T20:07:12Z
118,8,White-rumped vulture,Aliquam sit amet diam in magna bibendum imperdiet.,30,10,2025-06-21T23:39:42Z
119,24,Indian mynah,Morbi porttitor lorem id ligula.,10,20,2025-02-22T03:10:36Z
120,30,Brazilian tapir,"Fusce congue, diam id ornare imperdiet, sapien urna pretium nisl, ut volutpat sapien arcu sed augue.",30,30,2025-10-17T17:27:00Z
121,15,Two-toed tree sloth,"Integer aliquet, massa id lobortis convallis, tortor risus dapibus augue, vel accumsan tellus nisi eu orci.",30,20,2025-09-24T15:51:16Z
122,22,"Skua, long-tailed",Pellentesque at nulla.,30,20,2025-07-30T02:02:41Z
123,22,"Deer, red","Cum sociis natoque penatibus et magnis dis parturient montes, nascetur ridiculus mus.",10,20,2025-04-19T02:50:05Z
124,17,Rufous tree pie,Sed accumsan felis.,10,30,2025-08-08T22:31:57Z
125,25,Sage hen,Fusce consequat.,30,30,2025-03-06T18:28:49Z
126,23,Hoary marmot,Maecenas pulvinar lobortis est.,20,10,2025-01-26T05:53:59Z
127,16,"Caracara, yellow-headed",Integer non velit.,20,20,2025-09-18T18:51:22Z
128,11,Australian brush turkey,Cras pellentesque volutpat dui.,20,10,2025-03-31T21:39:25Z
129,30,"Nuthatch, red-breasted",Integer non velit.,30,10,2025-07-21T12:50:22Z
130,23,"Whale, baleen",Fusce posuere felis sed lacus.,30,10,2025-05-05T05:54:07Z
131,24,Long-crested hawk eagle,Etiam vel augue.,10,20,
132,5,"Hyena, brown","Integer pede justo, lacinia eget, tincidunt eget, tempus vel, pede.",20,30,2025-03-04T02:19:47Z
133,15,Egyptian goose,"Cum sociis natoque penatibus et magnis dis parturient montes, nascetur ridiculus mus.",30,20,2025-01-15T20:15:37Z
134,29,"Partridge, coqui",Quisque id justo sit amet sapien dignissim vestibulum.,10,30,2025-03-31T18:20:59Z
135,16,"Lion, steller's sea","Cum sociis natoque penatibus et magnis dis parturient montes, nascetur ridiculus mus.",10,30,2025-02-10T17:09:16Z
136,19,"Nuthatch, red-breasted",Aliquam erat volutpat.,30,10,2025-03-01T11:58:10Z
137,24,Green vine snake,Maecenas ut massa quis augue luctus tincidunt.,10,30,2025-08-25T16:35:57Z
138,8,"Mongoose, javan gold-spotted",Sed sagittis.,20,10,2025-03-20T22:49:58Z
139,28,Blue peacock,Aliquam sit amet diam in magna bibendum imperdiet.,20,30,2025-06-27T17:45:22Z
140,9,"Puma, south american",Integer tincidunt ante vel ipsum.,30,10,2025-04-12T07:25:07Z
141,16,Pied kingfisher,Integer non velit.,30,20,2025-07-01T01:21:34Z
142,6,Springbok,"In tempor, turpis nec euismod scelerisque, quam turpis adipiscing lorem, vitae mattis nibh ligula nec sem.",10,20,2025-06-20T08:48:03Z
143,27,"Dik, kirk's dik",Nulla ut erat id mauris vulputate elementum.,10,30,2025-10-18T08:22:01Z
144,6,Blue racer,Nunc rhoncus dui vel sem.,20,20,2025-10-19T13:55:09Z
145,2,"Buffalo, asian water",Nunc rhoncus dui vel sem.,10,30,2025-08-13T21:58:33Z
146,15,"Cat, toddy",Quisque porta volutpat erat.,30,20,2025-10-29T03:10:52Z
147,8,White-headed vulture,Donec dapibus.,30,10,2025-03-22T15:44:09Z
148,10,Indian mynah,Cras non velit nec nisi vulputate nonummy.,20,10,2025-11-23T17:13:46Z
149,23,Pied kingfisher,Fusce posuere felis sed lacus.,10,30,2024-12-29T08:17:33Z
150,13,"Fox, asian red",Integer a nibh.,30,10,2025-09-16T20:48:55Z
151,19,"Goose, canada",Morbi ut odio.,10,20,2025-09-04T11:11:32Z
152,10,"Badger, honey","Mauris enim leo, rhoncus sed, vestibulum sit amet, cursus id, turpis.",10,30,2025-07-13T01:14:45Z
153,14,"Squirrel, thirteen-lined",Aenean fermentum.,20,30,2025-01-20T01:15:29Z
154,19,Chestnut weaver,Vivamus in felis eu sapien cursus vestibulum.,30,20,2025-07-11T17:02:06Z
155,28,Crested porcupine,Morbi non quam nec dui luctus rutrum.,10,20,
156,20,"Bat, madagascar fruit","Morbi vestibulum, velit id pretium iaculis, diam erat fermentum justo, nec condimentum neque sapien placerat ante.",30,20,2025-07-31T20:28:49Z
157,29,White-browed owl,"Integer pede justo, lacinia eget, tincidunt eget, tempus vel, pede.",20,30,2025-02-01T10:41:52Z
158,21,Bleeding heart monkey,In congue.,20,30,2025-02-28T02:52:42Z
159,25,"Ibis, puna",Quisque porta volutpat erat.,10,20,2025-02-21T13:48:32Z
160,11,"Finch, common melba",Nullam molestie nibh in lectus.,30,10,
161,30,White-rumped vulture,"In est risus, auctor sed, tristique in, tempus sit amet, sem.",20,10,2025-02-17T05:45:17Z
162,11,White-fronted bee-eater,"Quisque erat eros, viverra eget, congue eget, semper rutrum, nulla.",30,10,2025-07-21T19:47:47Z
163,19,Urial,"In est risus, auctor sed, tristique in, tempus sit amet, sem.",30,10,2025-02-25T16:59:09Z
164,28,"Owl, burrowing",Nulla justo.,20,30,2025-04-01T02:32:45Z
165,12,"Squirrel, eurasian red","Proin leo odio, porttitor id, consequat in, consequat ut, nulla.",30,30,
166,26,"Stilt, black-winged",Morbi non lectus.,30,20,2025-12-02T00:36:56Z
167,18,"Albatross, waved",Aliquam sit amet diam in magna bibendum imperdiet.,30,20,2025-11-26T07:30:19Z
168,22,"Jaeger, long-tailed",Praesent lectus.,30,10,2025-11-25T19:44:07Z
169,22,River wallaby,"Duis bibendum, felis sed interdum venenatis, turpis enim blandit mi, in porttitor pede justo eu massa.",30,10,2025-08-26T02:11:37Z
170,9,African skink,Etiam faucibus cursus urna.,10,20,2025-02-22T09:11:36Z
171,26,"Cockatoo, red-breasted",Quisque porta volutpat erat.,30,20,2025-06-20T05:38:34Z
172,12,European stork,Mauris lacinia sapien quis libero.,10,30,2025-01-17T04:17:11Z
173,7,Civet (unidentified),Donec ut dolor.,10,10,2024-12-21T16:48:25Z
174,2,Brown antechinus,"Fusce congue, diam id ornare imperdiet, sapien urna pretium nisl, ut volutpat sapien arcu sed augue.",30,10,2025-01-30T15:40:02Z
175,9,Grey heron,Duis bibendum.,30,10,2025-06-01T17:07:04Z
176,22,Eastern indigo snake,Proin eu mi.,30,30,2025-05-18T09:26:14Z
177,13,"Kangaroo, western grey",Nullam molestie nibh in lectus.,10,20,2025-11-26T12:01:32Z
178,20,"Lemur, brown",Donec posuere metus vitae ipsum.,10,30,2025-03-03T07:28:30Z
179,19,Savanna baboon,Curabitur gravida nisi at nibh.,10,30,2025-03-26T03:38:05Z
180,28,Ring-tailed lemur,"Nullam orci pede, venenatis non, sodales sed, tincidunt eu, felis.",30,30,2025-03-31T15:54:09Z
181,10,"Capuchin, white-fronted",Maecenas ut massa quis augue luctus tincidunt.,20,20,2025-11-19T18:36:39Z
182,22,"Vulture, black","Nam ultrices, libero non mattis pulvinar, nulla pede ullamcorper augue, a suscipit nulla elit ac nulla.",10,10,2025-03-12T12:40:38Z
183,14,Netted rock dragon,"Lorem ipsum dolor sit amet, consectetuer adipiscing elit.",10,30,2025-09-14T17:06:40Z
184,8,"Crab, red lava",Sed sagittis.,10,10,2025-01-05T10:34:56Z
185,23,Common grenadier,Curabitur at ipsum ac tellus semper interdum.,20,20,2025-05-06T07:31:42Z
186,28,Brown pelican,Pellentesque eget nunc.,20,30,2025-08-01T08:33:26Z
187,21,Pig-tailed macaque,Mauris sit amet eros.,30,10,2025-12-07T14:37:45Z
188,25,Turkey vulture,Donec vitae nisi.,30,30,2025-06-06T16:48:51Z
189,29,Jungle cat,"Nulla neque libero, convallis eget, eleifend luctus, ultricies eu, nibh.",30,10,2025-12-03T06:35:25Z
190,27,"Dove, galapagos",In congue.,30,30,2025-08-29T09:42:01Z
191,14,"Sheathbill, snowy",Donec ut dolor.,30,20,2025-08-20T18:26:57Z
192,13,"Macaw, scarlet",Ut tellus.,20,10,2025-12-05T02:51:43Z
193,20,"Heron, goliath",Duis aliquam convallis nunc.,30,20,2025-06-07T20:07:44Z
194,29,"Skua, long-tailed",Maecenas pulvinar lobortis est.,20,20,
195,22,"Duiker, gray",Donec vitae nisi.,30,30,2025-03-30T08:57:20Z
196,15,"Buffalo, american",Maecenas ut massa quis augue luctus tincidunt.,10,10,2025-01-19T15:55:22Z
197,8,"Bandicoot, southern brown",Maecenas ut massa quis augue luctus tincidunt.,30,30,
198,30,Saddle-billed stork,Suspendisse ornare consequat lectus.,10,30,2025-08-16T16:32:33Z
199,30,"Dove, ring",Proin interdum mauris non ligula pellentesque ultrices.,10,20,2024-12-12T12:37:29Z
200,29,Oribi,"Morbi odio odio, elementum eu, interdum eu, tincidunt in, leo.",10,20,2025-03-31T15:06:47Z
201,22,"Gecko, barking",Mauris ullamcorper purus sit amet nulla.,30,20,2025-05-25T16:26:36Z
202,10,"Hyena, brown",In congue.,20,10,2025-11-07T23:32:53Z
203,25,Crested screamer,"Integer pede justo, lacinia eget, tincidunt eget, tempus vel, pede.",20,10,2025-04-10T07:33:05Z
204,25,Blue fox,"Donec diam neque, vestibulum eget, vulputate ut, ultrices vel, augue.",10,20,
205,1,"Starling, cape",Mauris ullamcorper purus sit amet nulla.,30,30,2025-04-24T00:48:09Z
206,10,"Buffalo, american",Duis mattis egestas metus.,20,20,2025-03-23T13:12:24Z
207,19,"Cardinal, black-throated",Morbi non quam nec dui luctus rutrum.,30,10,2024-12-18T20:48:03Z
208,30,Tiger snake,Morbi ut odio.,10,20,2025-04-01T06:03:56Z
209,2,"Baboon, chacma",Donec quis orci eget orci vehicula condimentum.,30,10,2025-11-25T23:45:02Z
210,27,"Trumpeter, dark-winged",Nunc rhoncus dui vel sem.,20,20,2025-04-16T03:17:47Z
211,25,Galapagos tortoise,"Morbi odio odio, elementum eu, interdum eu, tincidunt in, leo.",20,20,2025-05-22T04:42:24Z
212,26,Mule deer,Nulla tempus.,30,10,2025-08-24T14:54:57Z
213,13,"Fox, savanna","Vestibulum quam sapien, varius ut, blandit non, interdum in, ante.",30,20,2025-09-16T20:33:08Z
214,7,"Kangaroo, black-faced",Sed accumsan felis.,20,20,2025-05-22T10:03:44Z
215,30,Desert spiny lizard,Fusce consequat.,20,30,2025-05-15T18:53:35Z
216,19,American crow,Nulla justo.,30,10,2025-05-17T01:02:48Z
217,2,"Plover, three-banded","Integer aliquet, massa id lobortis convallis, tortor risus dapibus augue, vel accumsan tellus nisi eu orci.",30,30,2025-07-07T01:02:59Z
218,2,Northern fur seal,Suspendisse potenti.,20,10,2025-12-03T12:42:02Z
219,27,Numbat,"Quisque arcu libero, rutrum ac, lobortis vel, dapibus at, diam.",10,10,2025-06-17T17:35:38Z
220,22,"Boubou, southern",Cras pellentesque volutpat dui.,10,10,2025-05-31T01:46:47Z
221,12,"Dog, african wild",Morbi ut odio.,10,20,2025-05-23T21:32:25Z
222,14,Green heron,Quisque id justo sit amet sapien dignissim vestibulum.,10,10,2025-09-18T01:42:46Z
223,16,Bohor reedbuck,Duis consequat dui nec nisi volutpat eleifend.,20,10,2025-11-27T01:08:45Z
224,16,Bengal vulture,Aenean sit amet justo.,10,10,2025-10-21T11:50:52Z
225,18,"Pelican, great white","Lorem ipsum dolor sit amet, consectetuer adipiscing elit.",10,30,2025-10-03T23:58:36Z
226,24,"Puma, south american",Duis at velit eu est congue elementum.,10,10,2025-08-20T08:01:33Z
227,16,Raccoon dog,Curabitur convallis.,30,30,2025-07-02T03:48:11Z
228,21,Egyptian vulture,In hac habitasse platea dictumst.,20,30,2025-07-05T23:56:19Z
229,4,"Turtle, long-necked","Lorem ipsum dolor sit amet, consectetuer adipiscing elit.",10,30,2025-09-04T19:51:11Z
230,13,Azara's zorro,Aliquam erat volutpat.,20,30,2025-07-21T17:06:52Z
231,14,Common wallaroo,Morbi vel lectus in quam fringilla rhoncus.,30,20,2025-05-13T03:18:33Z
232,26,"Duck, comb",In blandit ultrices enim.,30,20,2025-10-06T05:50:42Z
233,5,Cape starling,Pellentesque eget nunc.,10,10,2025-05-01T11:40:18Z
234,22,White-tailed deer,Mauris sit amet eros.,30,30,2025-06-22T19:20:31Z
235,15,"Reedbuck, bohor",Donec posuere metus vitae ipsum.,30,20,2025-01-20T00:22:51Z
236,14,European spoonbill,Morbi non quam nec dui luctus rutrum.,10,10,
237,5,Blue-breasted cordon bleu,Donec vitae nisi.,10,20,2025-07-12T09:20:41Z
238,9,"Heron, giant",Morbi non lectus.,30,30,
239,16,African elephant,Vestibulum ante ipsum primis in faucibus orci luctus et ultrices posuere cubilia Curae; Nulla dapibus dolor vel est.,10,20,2025-07-27T22:35:11Z
240,13,"Pheasant, common",Nullam molestie nibh in lectus.,30,30,2025-10-16T23:03:28Z
241,21,"Lapwing, southern",Nulla ut erat id mauris vulputate elementum.,30,10,2025-05-04T09:37:56Z
242,14,Three-banded plover,Phasellus sit amet erat.,30,20,2025-11-23T09:52:12Z
243,9,Glossy ibis,Nulla facilisi.,20,10,2025-09-04T00:59:17Z
244,24,"Hawk, ferruginous","Mauris enim leo, rhoncus sed, vestibulum sit amet, cursus id, turpis.",10,20,2025-01-27T10:31:33Z
245,13,"Kiskadee, great",Ut tellus.,30,20,2025-09-23T13:30:19Z
246,16,Nine-banded armadillo,Morbi non quam nec dui luctus rutrum.,30,30,2025-04-12T19:58:11Z
247,21,African porcupine,"Quisque erat eros, viverra eget, congue eget, semper rutrum, nulla.",30,30,2025-02-08T20:26:58Z
248,12,Great white pelican,Mauris ullamcorper purus sit amet nulla.,20,30,2025-10-11T06:12:23Z
249,17,"Tern, white-winged black","Vestibulum quam sapien, varius ut, blandit non, interdum in, ante.",10,30,
250,15,White-winged black tern,Duis mattis egestas metus.,30,20,2025-10-03T21:48:54Z
251,27,Crested bunting,Proin eu mi.,20,30,2025-03-16T19:58:47Z
252,8,"Rhinoceros, black","Morbi odio odio, elementum eu, interdum eu, tincidunt in, leo.",10,30,2025-01-09T18:30:21Z
253,14,Ferruginous hawk,"Fusce congue, diam id ornare imperdiet, sapien urna pretium nisl, ut volutpat sapien arcu sed augue.",30,20,2025-05-14T11:20:20Z
254,14,"Frogmouth, tawny",Vestibulum sed magna at nunc commodo placerat.,10,30,2025-09-08T22:05:00Z
255,18,Eurasian badger,"Cum sociis natoque penatibus et magnis dis parturient montes, nascetur ridiculus mus.",20,20,2025-04-07T16:42:15Z
256,30,Hawk-headed parrot,"Lorem ipsum dolor sit amet, consectetuer adipiscing elit.",10,30,2025-01-25T14:14:31Z
257,11,Oribi,Donec dapibus.,20,20,2025-11-19T00:36:00Z
258,8,Sable antelope,Fusce posuere felis sed lacus.,30,20,2025-02-07T13:36:28Z
259,24,Western patch-nosed snake,Aliquam erat volutpat.,20,20,2025-06-30T08:05:18Z
260,5,Southern elephant seal,Phasellus sit amet erat.,30,10,2025-04-15T01:59:42Z
261,17,Black bear,Morbi non quam nec dui luctus rutrum.,10,10,2025-02-07T13:49:48Z
262,3,Southern black-backed gull,Vivamus tortor.,20,30,
263,6,Eastern fox squirrel,"Duis bibendum, felis sed interdum venenatis, turpis enim blandit mi, in porttitor pede justo eu massa.",20,20,2025-04-01T22:33:52Z
264,2,Nilgai,"Morbi odio odio, elementum eu, interdum eu, tincidunt in, leo.",10,20,2025-03-11T21:44:27Z
265,2,Leadbeateri's ground hornbill,"Mauris enim leo, rhoncus sed, vestibulum sit amet, cursus id, turpis.",10,20,2025-02-05T08:38:32Z
266,9,"Cat, ringtail","Fusce congue, diam id ornare imperdiet, sapien urna pretium nisl, ut volutpat sapien arcu sed augue.",30,20,2025-03-09T03:42:38Z
267,22,Red howler monkey,"Maecenas tristique, est et tempus semper, est quam pharetra magna, ac consequat metus sapien ut nunc.",10,10,2025-01-14T15:08:34Z
268,4,Common grenadier,Donec dapibus.,20,20,2025-09-13T09:07:54Z
269,13,Sportive lemur,Praesent blandit.,10,30,2025-10-21T23:27:03Z
270,17,"Monkey, vervet",Nullam molestie nibh in lectus.,10,10,2025-11-24T10:00:23Z
271,1,Blue-faced booby,Aliquam quis turpis eget elit sodales scelerisque.,20,20,2025-07-16T13:42:41Z
272,10,Common duiker,Nunc purus.,10,20,2025-06-29T15:37:08Z
273,23,Kori bustard,Nullam porttitor lacus at turpis.,10,10,2025-10-19T02:14:04Z
274,5,Koala,Aenean lectus.,30,20,2025-10-29T09:29:26Z
275,11,"Chipmunk, least",Maecenas ut massa quis augue luctus tincidunt.,30,30,2025-10-16T09:38:25Z
276,14,"Turkey, australian brush",Praesent blandit lacinia erat.,10,30,2024-12-11T05:56:20Z
277,24,Little cormorant,Donec quis orci eget orci vehicula condimentum.,10,10,2025-08-08T20:27:05Z
278,28,"Hornbill, red-billed",Quisque porta volutpat erat.,30,20,2025-07-29T04:31:41Z
279,26,"Hawk, red-tailed",Aliquam sit amet diam in magna bibendum imperdiet.,10,20,2025-10-30T19:13:03Z
280,2,"Sungazer, yellow-brown","Donec diam neque, vestibulum eget, vulputate ut, ultrices vel, augue.",30,30,2025-08-29T00:00:34Z
281,10,African snake (unidentified),Curabitur at ipsum ac tellus semper interdum.,10,30,
282,14,"Deer, white-tailed",Morbi porttitor lorem id ligula.,10,10,2025-11-20T14:27:05Z
283,4,Woodrat (unidentified),Nulla nisl.,10,30,2025-08-17T20:51:20Z
284,11,"Lark, horned",Etiam justo.,30,10,2025-06-15T10:44:40Z
285,11,"Flamingo, chilean",Nunc nisl.,30,10,2025-04-14T04:34:32Z
286,15,"Waterbuck, common","Vivamus metus arcu, adipiscing molestie, hendrerit at, vulputate vitae, nisl.",20,10,2025-09-15T04:36:17Z
287,20,"Bat, madagascar fruit",Proin risus.,10,10,2025-06-28T13:28:26Z
288,8,White-faced whistling duck,Quisque ut erat.,30,20,
289,21,"Langur, gray",Sed sagittis.,20,20,2025-01-21T07:21:16Z
290,14,Steller sea lion,"Nulla neque libero, convallis eget, eleifend luctus, ultricies eu, nibh.",30,20,2025-03-18T15:32:08Z
291,16,Agama lizard (unidentified),Nullam molestie nibh in lectus.,20,30,
292,20,"Grebe, little",Vestibulum rutrum rutrum neque.,30,30,2025-05-31T10:59:48Z
293,11,"Elephant, asian",Vestibulum ante ipsum primis in faucibus orci luctus et ultrices posuere cubilia Curae; Mauris viverra diam vitae quam.,10,10,2025-06-18T12:13:16Z
294,20,Hanuman langur,Vivamus vel nulla eget eros elementum pellentesque.,10,20,2025-03-10T22:45:27Z
295,14,Yellow-brown sungazer,Vivamus tortor.,20,30,2025-01-08T02:33:21Z
296,9,Grey mouse lemur,Pellentesque viverra pede ac diam.,10,20,2024-12-29T00:34:03Z
297,11,"Cormorant, pied",Duis ac nibh.,20,10,2025-08-17T15:27:39Z
298,2,"Crake, african black",Pellentesque eget nunc.,10,10,2025-07-23T05:08:14Z
299,19,"Kite, black","Morbi odio odio, elementum eu, interdum eu, tincidunt in, leo.",30,10,2025-02-04T17:39:32Z
300,11,Pine siskin,"Lorem ipsum dolor sit amet, consectetuer adipiscing elit.",30,30,
301,14,"Gecko, tokay",Morbi non lectus.,30,20,2025-06-26T16:54:38Z
302,9,"Bear, black",Fusce posuere felis sed lacus.,30,20,2025-01-30T00:51:24Z
303,25,Black-fronted bulbul,Duis at velit eu est congue elementum.,10,30,2025-01-11T10:29:21Z
304,12,"Weaver, sociable",Vestibulum sed magna at nunc commodo placerat.,30,20,2025-06-15T00:18:19Z
305,26,Brolga crane,Duis consequat dui nec nisi volutpat eleifend.,10,30,
306,24,"Lion, south american sea","Nam congue, risus semper porta volutpat, quam pede lobortis ligula, sit amet eleifend pede libero quis orci.",30,10,
307,30,"Beaver, eurasian",Vestibulum ac est lacinia nisi venenatis tristique.,10,30,2025-01-26T21:20:10Z
308,9,Slender loris,Morbi non lectus.,30,20,
309,29,Crab-eating raccoon,"Cum sociis natoque penatibus et magnis dis parturient montes, nascetur ridiculus mus.",10,30,2025-01-27T03:20:33Z
310,13,Common mynah,Quisque ut erat.,30,10,2025-08-07T09:00:44Z
311,24,"Glider, squirrel",Aliquam quis turpis eget elit sodales scelerisque.,20,20,
312,15,"Turtle, snake-necked",Aenean auctor gravida sem.,20,30,2025-04-28T15:03:41Z
313,23,Grey fox,Mauris sit amet eros.,10,20,2025-11-02T01:08:37Z
314,3,"Turtle, eastern box",Morbi quis tortor id nulla ultrices aliquet.,10,10,2025-04-17T13:04:39Z
315,29,"Dove, rock",In hac habitasse platea dictumst.,20,20,2025-11-26T22:35:59Z
316,10,"Stork, painted",In congue.,10,30,2025-04-16T07:41:41Z
317,8,"Ass, asiatic wild",Integer non velit.,10,30,
318,28,"Wallaby, agile",Nullam varius.,10,30,2025-01-04T09:32:39Z
319,22,"Hawk, ferruginous",Donec dapibus.,10,10,
320,4,"Polecat, african",Proin at turpis a pede posuere nonummy.,10,20,
321,22,"Frogmouth, tawny",Nulla ac enim.,10,20,2025-07-10T01:59:39Z
322,6,Campo flicker,Praesent lectus.,20,30,2025-12-07T14:13:25Z
323,19,"Porcupine, african",Sed vel enim sit amet nunc viverra dapibus.,20,20,2025-09-11T22:46:03Z
324,22,Common pheasant,Morbi non quam nec dui luctus rutrum.,10,20,2025-02-12T19:12:37Z
325,20,Burmese black mountain tortoise,"Maecenas tristique, est et tempus semper, est quam pharetra magna, ac consequat metus sapien ut nunc.",10,30,2025-04-27T12:25:52Z
326,17,Common pheasant,Donec vitae nisi.,20,10,2024-12-13T23:40:51Z
327,26,Steenbok,Nunc purus.,30,30,2025-02-04T18:51:07Z
328,26,"Heron, yellow-crowned night","In est risus, auctor sed, tristique in, tempus sit amet, sem.",20,20,2025-05-17T13:41:55Z
329,15,Arctic ground squirrel,Etiam vel augue.,20,10,2025-08-22T16:52:05Z
330,2,"Bear, sloth",In hac habitasse platea dictumst.,20,10,2025-01-13T14:23:45Z
331,29,"Snake, tiger",Pellentesque ultrices mattis odio.,10,30,2025-09-15T09:06:21Z
332,9,Alpaca,Nullam molestie nibh in lectus.,30,10,2025-07-25T18:04:43Z
333,6,"Duck, white-faced whistling",Phasellus id sapien in sapien iaculis congue.,30,20,2025-02-08T14:33:14Z
334,3,"Rat, arboral spiny","Lorem ipsum dolor sit amet, consectetuer adipiscing elit.",30,10,2025-04-03T04:08:24Z
335,30,Harbor seal,"Vestibulum quam sapien, varius ut, blandit non, interdum in, ante.",10,30,2025-11-30T14:34:44Z
336,19,Eurasian badger,"Morbi vestibulum, velit id pretium iaculis, diam erat fermentum justo, nec condimentum neque sapien placerat ante.",30,20,2025-09-16T02:29:04Z
337,7,"Openbill, asian",Donec semper sapien a libero.,20,10,2025-03-08T22:11:36Z
338,7,Malachite kingfisher,Donec semper sapien a libero.,20,10,2025-10-05T21:32:21Z
339,15,Fairy penguin,"Quisque arcu libero, rutrum ac, lobortis vel, dapibus at, diam.",10,20,2025-02-01T23:16:28Z
340,14,Worm snake (unidentified),In blandit ultrices enim.,10,30,2025-06-27T21:52:24Z
341,19,Chuckwalla,Integer ac leo.,20,20,2025-10-11T22:24:35Z
342,12,Painted stork,Nam nulla.,20,10,2025-08-15T07:57:08Z
343,11,Red-shouldered glossy starling,Suspendisse potenti.,30,10,2025-02-22T16:53:04Z
344,8,Kafue flats lechwe,Quisque id justo sit amet sapien dignissim vestibulum.,10,10,2025-05-22T13:05:05Z
345,23,"Macaw, blue and gold",Donec semper sapien a libero.,20,20,2025-08-02T22:52:33Z
346,13,Bontebok,In hac habitasse platea dictumst.,20,30,2025-10-23T17:38:19Z
347,12,"Shark, blue",Nunc purus.,10,10,2025-06-22T02:28:19Z
348,3,"Duiker, gray",Aenean fermentum.,20,10,2025-02-05T07:11:41Z
349,12,"Raccoon, common",Nulla nisl.,30,30,2025-02-08T02:53:09Z
350,12,"Squirrel, eastern fox",Sed accumsan felis.,30,30,
351,7,African fish eagle,"Quisque arcu libero, rutrum ac, lobortis vel, dapibus at, diam.",20,30,2025-06-03T10:28:53Z
352,23,"Peccary, white-lipped",In hac habitasse platea dictumst.,30,30,2025-07-07T03:56:16Z
353,3,"Squirrel, african bush",Aliquam quis turpis eget elit sodales scelerisque.,30,30,2025-04-06T12:39:16Z
354,23,Burmese brown mountain tortoise,Etiam faucibus cursus urna.,20,10,2025-05-29T18:44:37Z
355,25,Mourning collared dove,"Integer aliquet, massa id lobortis convallis, tortor risus dapibus augue, vel accumsan tellus nisi eu orci.",30,30,2025-01-19T19:15:50Z
356,11,Pied crow,Aliquam quis turpis eget elit sodales scelerisque.,30,10,2025-05-08T19:44:12Z
357,19,King vulture,Vestibulum sed magna at nunc commodo placerat.,20,10,2025-11-05T23:40:19Z
358,27,"Salmon, sockeye",In congue.,10,10,2025-06-02T23:09:21Z
359,24,"Pelican, eastern white",Nullam molestie nibh in lectus.,20,10,2025-02-07T10:23:28Z
360,26,"Penguin, galapagos",Nullam molestie nibh in lectus.,30,30,2025-09-24T13:13:37Z
361,21,"Skunk, western spotted",Morbi a ipsum.,20,20,2025-11-11T19:10:45Z
362,28,"Shark, blue","Maecenas tristique, est et tempus semper, est quam pharetra magna, ac consequat metus sapien ut nunc.",30,20,2025-09-20T23:01:31Z
363,25,Tree porcupine,"Lorem ipsum dolor sit amet, consectetuer adipiscing elit.",10,30,2025-07-24T10:46:57Z
364,24,"Admiral, indian red",Pellentesque viverra pede ac diam.,10,20,2025-11-03T09:40:45Z
365,16,Banded mongoose,Aenean fermentum.,30,20,2025-09-13T15:25:09Z
366,7,Mountain goat,"Maecenas tristique, est et tempus semper, est quam pharetra magna, ac consequat metus sapien ut nunc.",30,20,2025-01-16T11:12:47Z
367,1,Blue racer,"Mauris enim leo, rhoncus sed, vestibulum sit amet, cursus id, turpis.",20,10,2025-09-03T20:52:29Z
368,17,Zorilla,Suspendisse potenti.,30,20,2025-03-11T10:22:43Z
369,4,"Bear, polar",Nam nulla.,30,10,2025-01-14T10:23:30Z
370,12,Flightless cormorant,Sed vel enim sit amet nunc viverra dapibus.,10,20,2025-06-19T22:39:56Z
371,3,Chilean flamingo,In blandit ultrices enim.,30,30,2025-08-11T19:52:26Z
372,8,Kalahari scrub robin,Aliquam erat volutpat.,20,10,2025-09-25T23:20:43Z
373,14,Ring dove,"Cras mi pede, malesuada in, imperdiet et, commodo vulputate, justo.",20,20,2025-06-26T01:20:14Z
374,8,"Drongo, fork-tailed",Vestibulum rutrum rutrum neque.,30,30,
375,23,"Badger, american","Cras mi pede, malesuada in, imperdiet et, commodo vulputate, justo.",20,10,2025-04-24T03:14:35Z
376,4,African wild cat,Aenean fermentum.,30,20,2025-08-20T12:03:10Z
377,22,Yellow-headed caracara,"Vivamus metus arcu, adipiscing molestie, hendrerit at, vulputate vitae, nisl.",30,30,2025-02-11T06:46:40Z
378,12,Red-cheeked cordon bleu,In blandit ultrices enim.,30,30,2025-06-07T19:29:14Z
379,24,Asian water buffalo,Cras non velit nec nisi vulputate nonummy.,10,10,2025-04-25T11:47:25Z
380,18,Wattled crane,In quis justo.,20,20,2025-06-19T15:28:55Z
381,3,Pied crow,Sed sagittis.,10,20,2025-04-13T12:58:09Z
382,9,African buffalo,"Vestibulum quam sapien, varius ut, blandit non, interdum in, ante.",30,10,2025-02-06T09:30:10Z
383,10,"Squirrel, eastern fox","Vivamus metus arcu, adipiscing molestie, hendrerit at, vulputate vitae, nisl.",30,10,2025-08-12T19:41:22Z
384,17,"Dragon, netted rock","Fusce congue, diam id ornare imperdiet, sapien urna pretium nisl, ut volutpat sapien arcu sed augue.",20,30,2025-02-01T13:58:04Z
385,7,African lion,Cras in purus eu magna vulputate luctus.,30,20,2025-08-11T04:50:28Z
386,29,Savanna baboon,"In est risus, auctor sed, tristique in, tempus sit amet, sem.",30,10,2025-09-11T06:16:43Z
387,14,"Stork, european",Nulla facilisi.,20,30,2025-07-03T13:46:20Z
388,22,"Fox, savanna",Integer non velit.,30,30,2025-02-11T12:43:54Z
389,6,Puma,In blandit ultrices enim.,20,20,2025-01-18T12:29:00Z
390,10,White-nosed coatimundi,In quis justo.,20,20,2025-02-27T08:02:25Z
391,15,"Heron, boat-billed",Vestibulum ante ipsum primis in faucibus orci luctus et ultrices posuere cubilia Curae; Mauris viverra diam vitae quam.,10,10,2025-08-21T19:33:55Z
392,23,Southern hairy-nosed wombat,Vivamus vestibulum sagittis sapien.,20,20,2025-01-07T21:54:15Z
393,21,"Bird, black-throated butcher","Quisque arcu libero, rutrum ac, lobortis vel, dapibus at, diam.",10,20,2025-10-12T23:43:17Z
394,10,"Zebra, common","Aliquam augue quam, sollicitudin vitae, consectetuer eget, rutrum at, lorem.",10,30,2025-10-01T23:57:49Z
395,30,"Crake, african black",Aliquam quis turpis eget elit sodales scelerisque.,20,30,2025-04-26T08:41:20Z
396,5,Galapagos penguin,Nunc rhoncus dui vel sem.,20,30,2025-11-22T21:12:35Z
397,22,"Gull, pacific",In hac habitasse platea dictumst.,20,10,2025-10-16T08:43:49Z
398,13,Silver-backed jackal,Suspendisse potenti.,30,30,2025-05-02T04:22:18Z
399,8,Kaffir cat,Nunc rhoncus dui vel sem.,30,20,2025-06-25T15:29:18Z
400,3,"Lemur, ring-tailed",Quisque porta volutpat erat.,20,10,2025-02-26T06:46:50Z
401,20,"Polecat, african",Donec ut mauris eget massa tempor convallis.,20,10,2025-06-22T19:19:57Z
402,13,Leopard,"Vestibulum ante ipsum primis in faucibus orci luctus et ultrices posuere cubilia Curae; Donec pharetra, magna vestibulum aliquet ultrices, erat tortor sollicitudin mi, sit amet lobortis sapien sapien non mi.",20,30,2025-06-15T14:24:14Z
403,3,"Goldeneye, common",Vivamus vel nulla eget eros elementum pellentesque.,10,20,2025-02-21T20:18:49Z
404,15,Blue fox,Nullam varius.,10,30,2025-07-14T13:50:48Z
405,20,Indian leopard,Duis aliquam convallis nunc.,20,10,2025-09-27T00:43:53Z
406,16,"Cormorant, large",Donec ut mauris eget massa tempor convallis.,30,30,2025-08-11T23:23:32Z
407,17,"Heron, yellow-crowned night",Nulla tempus.,30,20,2025-11-11T00:32:57Z
408,12,"Sandpiper, spotted wood",Nunc purus.,10,10,2025-06-06T11:17:43Z
409,8,Black swan,In eleifend quam a odio.,30,20,2025-04-07T05:33:34Z
410,27,"Genet, common",In hac habitasse platea dictumst.,30,30,2025-03-28T14:27:20Z
411,28,Sambar,"Mauris enim leo, rhoncus sed, vestibulum sit amet, cursus id, turpis.",10,20,2025-07-02T14:57:10Z
412,16,Sockeye salmon,Maecenas rhoncus aliquam lacus.,30,10,2025-07-23T19:35:16Z
413,30,Capybara,Nulla tempus.,20,20,2025-02-02T22:22:21Z
414,30,Common mynah,"Donec odio justo, sollicitudin ut, suscipit a, feugiat et, eros.",10,20,2025-04-08T19:57:35Z
415,15,"Swan, black",Duis mattis egestas metus.,30,30,2025-10-29T08:46:43Z
416,28,Chimpanzee,Pellentesque eget nunc.,30,10,2025-08-24T15:17:43Z
417,29,Common green iguana,Phasellus in felis.,30,20,2025-08-12T01:49:00Z
418,8,Three-banded plover,Integer ac neque.,10,20,2025-08-01T20:13:18Z
419,3,"Spider, wolf",Suspendisse accumsan tortor quis turpis.,30,20,2025-05-03T21:13:01Z
420,30,"Legaan, ground",Duis ac nibh.,20,20,2025-10-26T06:16:39Z
421,9,Western patch-nosed snake,"Morbi vestibulum, velit id pretium iaculis, diam erat fermentum justo, nec condimentum neque sapien placerat ante.",30,20,2025-05-11T05:29:26Z
422,29,Black-crowned night heron,In hac habitasse platea dictumst.,10,20,2025-02-26T05:11:05Z
423,3,"Legaan, Monitor (unidentified)",Nulla ac enim.,20,30,2025-09-25T20:35:23Z
424,11,Galapagos hawk,Etiam pretium iaculis justo.,20,20,2025-06-01T16:47:42Z
425,5,"Fox, cape","Nullam orci pede, venenatis non, sodales sed, tincidunt eu, felis.",30,10,2025-01-24T03:06:12Z
426,19,Yellow-bellied marmot,In blandit ultrices enim.,20,30,2025-11-24T12:22:38Z
427,27,African polecat,Etiam vel augue.,20,30,2025-09-06T06:33:11Z
428,1,Grey heron,Curabitur at ipsum ac tellus semper interdum.,20,10,2025-06-25T10:18:54Z
429,10,Brown hyena,Quisque porta volutpat erat.,30,20,2025-11-03T18:10:05Z
430,22,Meerkat,Aliquam non mauris.,20,20,2025-02-18T21:26:38Z
431,8,Jaguarundi,Vivamus vel nulla eget eros elementum pellentesque.,10,30,2025-05-18T07:25:04Z
432,20,Red-winged blackbird,Maecenas pulvinar lobortis est.,20,10,
433,27,"Macaw, blue and yellow",Quisque id justo sit amet sapien dignissim vestibulum.,20,20,2025-09-02T14:21:27Z
434,24,Brazilian tapir,Nunc purus.,20,20,2025-11-07T17:36:13Z
435,30,"Phalarope, red-necked",Praesent lectus.,30,30,2025-02-18T17:19:58Z
436,17,"Hen, sage",Nulla suscipit ligula in lacus.,10,30,2025-05-19T17:22:37Z
437,8,Egyptian vulture,Donec vitae nisi.,30,30,2025-07-10T12:38:04Z
438,7,Asian elephant,"Quisque erat eros, viverra eget, congue eget, semper rutrum, nulla.",20,10,2025-09-30T01:58:24Z
439,27,"Butterfly, canadian tiger swallowtail",Nunc nisl.,20,20,
440,23,"Weaver, white-browed sparrow",Fusce consequat.,10,10,2025-10-27T08:37:30Z
441,2,Stone sheep,Integer ac leo.,20,20,2025-09-07T01:22:27Z
442,10,"Fox, grey",Integer non velit.,30,20,2025-01-02T16:41:55Z
443,30,Pig-tailed macaque,Phasellus sit amet erat.,20,20,2025-02-22T19:20:49Z
444,8,"Starling, red-shouldered glossy",Fusce consequat.,10,20,2025-10-16T20:35:38Z
445,3,"Cockatoo, red-breasted",Phasellus id sapien in sapien iaculis congue.,30,20,2025-05-19T08:48:16Z
446,1,"Flamingo, roseat","Aliquam augue quam, sollicitudin vitae, consectetuer eget, rutrum at, lorem.",20,20,2025-05-10T03:55:37Z
447,4,"Waxbill, violet-eared",Donec posuere metus vitae ipsum.,10,30,2025-07-29T14:14:13Z
448,18,"Cat, long-tailed spotted",In hac habitasse platea dictumst.,30,20,2025-05-22T23:30:09Z
449,23,Swallow-tail gull,Praesent blandit.,30,10,2025-09-28T02:48:24Z
450,17,Malabar squirrel,Integer a nibh.,10,20,
451,21,Roe deer,Curabitur in libero ut massa volutpat convallis.,10,10,2025-10-08T01:52:53Z
452,27,Tailless tenrec,Pellentesque ultrices mattis odio.,10,10,2025-08-23T07:41:27Z
453,25,Grison,Donec dapibus.,30,30,2024-12-25T01:15:59Z
454,17,Short-beaked echidna,Donec posuere metus vitae ipsum.,20,20,2025-07-30T20:59:11Z
455,4,"Whale, long-finned pilot",Suspendisse ornare consequat lectus.,10,10,2025-04-19T19:13:02Z
456,11,"Lourie, grey",Curabitur at ipsum ac tellus semper interdum.,30,10,2025-07-13T12:38:24Z
457,18,"Sifaka, verreaux's","Nulla neque libero, convallis eget, eleifend luctus, ultricies eu, nibh.",10,20,2024-12-20T08:40:35Z
458,28,Land iguana,Duis ac nibh.,30,10,2025-01-05T07:10:11Z
459,11,"Gull, silver","Maecenas tristique, est et tempus semper, est quam pharetra magna, ac consequat metus sapien ut nunc.",10,30,2025-02-26T02:43:49Z
460,10,"Otter, small-clawed",Suspendisse potenti.,20,20,2025-09-29T13:20:00Z
461,21,"Francolin, swainson's",Donec quis orci eget orci vehicula condimentum.,10,30,2025-12-08T19:00:00Z
462,15,"Tinamou, elegant crested",Cras pellentesque volutpat dui.,10,10,2025-06-18T08:56:44Z
463,12,Killer whale,Suspendisse potenti.,10,30,2025-05-04T08:31:29Z
464,24,Bahama pintail,In hac habitasse platea dictumst.,30,10,2025-01-20T09:24:55Z
465,16,Pied crow,Donec dapibus.,20,20,2025-06-06T22:28:05Z
466,26,"Phalarope, grey","Donec diam neque, vestibulum eget, vulputate ut, ultrices vel, augue.",30,10,2025-03-10T02:20:13Z
467,27,Cook's tree boa,Donec ut dolor.,30,10,
468,16,"Sparrow, house",Nulla nisl.,30,20,2025-06-09T06:18:57Z
469,12,"Eagle, long-crested hawk",Ut at dolor quis odio consequat varius.,20,20,2025-05-03T14:11:06Z
470,17,"Puma, south american",Nulla nisl.,20,10,2025-07-07T17:14:49Z
471,27,Golden-mantled ground squirrel,Donec semper sapien a libero.,10,10,2025-07-19T22:24:34Z
472,6,Common green iguana,Curabitur convallis.,30,20,
473,17,"Crane, black-crowned",Sed vel enim sit amet nunc viverra dapibus.,20,10,
474,20,Topi,Nulla nisl.,30,10,2025-10-01T13:19:26Z
475,1,Black bear,Etiam vel augue.,30,20,2025-08-14T20:29:19Z
476,9,Orca,In sagittis dui vel nisl.,20,20,2025-08-30T22:18:18Z
477,7,Tailless tenrec,Sed ante.,10,30,2025-02-23T17:27:30Z
478,29,Eastern box turtle,Praesent blandit.,20,30,
479,29,Nine-banded armadillo,Mauris ullamcorper purus sit amet nulla.,10,10,2024-12-11T12:53:43Z
480,22,"Dolphin, bottle-nose",Morbi vel lectus in quam fringilla rhoncus.,10,20,2024-12-31T09:16:36Z
481,21,"Waxbill, violet-eared",Maecenas rhoncus aliquam lacus.,20,10,
482,17,"Monkey, red howler","In est risus, auctor sed, tristique in, tempus sit amet, sem.",20,30,2025-09-17T04:03:19Z
483,8,Euro wallaby,"Nulla neque libero, convallis eget, eleifend luctus, ultricies eu, nibh.",20,20,2024-12-24T03:50:33Z
484,30,"Cockatoo, slender-billed",Morbi quis tortor id nulla ultrices aliquet.,30,20,2025-11-12T07:53:22Z
485,14,"Wallaby, dama",Proin eu mi.,30,20,2025-06-06T01:32:32Z
486,1,Tammar wallaby,Proin eu mi.,30,20,2025-02-27T16:02:01Z
487,4,Greater adjutant stork,Nam dui.,10,10,2025-05-08T19:20:41Z
488,16,Smith's bush squirrel,Phasellus id sapien in sapien iaculis congue.,10,20,2025-01-05T18:45:09Z
489,3,Blue-footed booby,Proin eu mi.,30,30,2025-11-20T15:54:04Z
490,22,Nubian bee-eater,"In est risus, auctor sed, tristique in, tempus sit amet, sem.",30,10,2025-01-14T19:25:31Z
491,24,"Deer, red",Nulla tellus.,30,20,2025-07-11T02:31:37Z
492,3,Two-toed sloth,Vivamus tortor.,30,30,2025-04-25T20:43:41Z
493,27,Knob-nosed goose,Vestibulum sed magna at nunc commodo placerat.,10,30,2025-03-12T03:15:50Z
494,19,Emu,Morbi a ipsum.,30,30,2025-10-25T04:51:47Z
495,24,"Waxbill, violet-eared","Nullam orci pede, venenatis non, sodales sed, tincidunt eu, felis.",20,20,2025-02-11T07:05:48Z
496,28,Common long-nosed armadillo,"Integer pede justo, lacinia eget, tincidunt eget, tempus vel, pede.",30,10,2025-06-12T09:36:47Z
497,5,"Gull, herring",Sed vel enim sit amet nunc viverra dapibus.,20,10,2025-07-08T17:28:32Z
498,16,Asian water buffalo,Fusce posuere felis sed lacus.,30,30,2025-01-27T08:51:19Z
499,21,"Monitor, water",Praesent blandit lacinia erat.,30,20,2025-11-23T07:32:03Z
500,6,"Gorilla, western lowland",Cras non velit nec nisi vulputate nonummy.,10,10,2025-02-22T12:00:40Z
501,30,Long-crested hawk eagle,Nullam porttitor lacus at turpis.,20,20,2025-10-31T14:37:49Z
502,23,"Sifaka, verreaux's",Integer ac neque.,20,30,2025-05-04T17:30:47Z
503,26,Pampa gray fox,Sed accumsan felis.,20,20,2025-03-16T10:53:55Z
504,11,Chuckwalla,Suspendisse potenti.,10,30,
505,8,"Bulbul, african red-eyed","Proin leo odio, porttitor id, consequat in, consequat ut, nulla.",30,10,2025-07-01T09:01:59Z
506,23,American crow,Nullam sit amet turpis elementum ligula vehicula consequat.,20,20,2025-07-09T13:34:36Z
507,8,"Stork, openbill",Maecenas tincidunt lacus at velit.,30,10,2025-01-02T07:01:47Z
508,13,Southern black-backed gull,"Lorem ipsum dolor sit amet, consectetuer adipiscing elit.",20,10,2025-05-20T15:10:00Z
509,10,Dama wallaby,"Aliquam augue quam, sollicitudin vitae, consectetuer eget, rutrum at, lorem.",30,20,2024-12-19T07:42:00Z
510,20,"Macaw, green-winged",Nulla justo.,30,20,2025-08-11T06:00:26Z
511,22,"Deer, mule",Suspendisse ornare consequat lectus.,30,20,2025-01-13T16:54:12Z
512,3,Indian mynah,"Duis bibendum, felis sed interdum venenatis, turpis enim blandit mi, in porttitor pede justo eu massa.",20,10,2025-02-24T23:43:29Z
513,29,Black swan,In blandit ultrices enim.,10,30,2025-11-02T15:09:46Z
514,13,Rainbow lory,"Nam congue, risus semper porta volutpat, quam pede lobortis ligula, sit amet eleifend pede libero quis orci.",20,10,2025-08-17T06:17:47Z
515,6,"Monitor, two-banded","Nam ultrices, libero non mattis pulvinar, nulla pede ullamcorper augue, a suscipit nulla elit ac nulla.",20,20,2024-12-16T03:20:20Z
516,12,Jaguarundi,"Maecenas leo odio, condimentum id, luctus nec, molestie sed, justo.",30,10,2025-04-28T12:54:15Z
517,26,Brolga crane,Morbi non lectus.,30,20,2025-04-29T23:55:26Z
518,21,"Sheep, stone",Integer ac neque.,30,10,2025-02-10T10:05:42Z
519,7,"Squirrel, antelope ground",Integer non velit.,10,30,2024-12-24T01:15:24Z
520,17,Lesser masked weaver,Quisque porta volutpat erat.,30,30,2025-01-23T10:01:33Z
521,18,Gray rhea,"Nam congue, risus semper porta volutpat, quam pede lobortis ligula, sit amet eleifend pede libero quis orci.",30,30,2025-02-04T10:11:45Z
522,27,"Goose, canada",Duis bibendum.,30,10,2025-03-06T06:02:19Z
523,16,"Armadillo, common long-nosed",Mauris ullamcorper purus sit amet nulla.,30,30,2025-02-06T05:18:51Z
524,28,Asiatic wild ass,Phasellus id sapien in sapien iaculis congue.,30,10,2025-12-03T18:11:37Z
525,2,Gulls (unidentified),Donec dapibus.,30,30,2025-04-04T10:22:21Z
526,22,"Ferret, black-footed","Duis bibendum, felis sed interdum venenatis, turpis enim blandit mi, in porttitor pede justo eu massa.",20,30,2025-04-06T21:26:50Z
527,16,Pied crow,Quisque id justo sit amet sapien dignissim vestibulum.,30,10,2024-12-12T20:01:46Z
528,1,"Deer, savannah",Etiam faucibus cursus urna.,10,30,2025-04-13T01:48:12Z
529,19,"Mongoose, yellow",In eleifend quam a odio.,30,30,2025-08-10T21:24:57Z
530,14,Large-eared bushbaby,In hac habitasse platea dictumst.,30,10,
531,6,"Oystercatcher, blackish",Sed sagittis.,10,10,2025-02-10T16:14:43Z
532,12,"Weaver, lesser masked",Vestibulum rutrum rutrum neque.,20,20,
533,28,"Dolphin, striped","Morbi vestibulum, velit id pretium iaculis, diam erat fermentum justo, nec condimentum neque sapien placerat ante.",30,10,2025-11-05T14:32:12Z
534,13,Common dolphin,Sed vel enim sit amet nunc viverra dapibus.,10,10,2025-08-03T08:27:05Z
535,2,Southern elephant seal,Vestibulum ante ipsum primis in faucibus orci luctus et ultrices posuere cubilia Curae; Mauris viverra diam vitae quam.,20,20,2025-05-05T21:47:01Z
536,29,Great kiskadee,"Maecenas leo odio, condimentum id, luctus nec, molestie sed, justo.",20,30,
537,24,Bent-toed gecko,Aliquam non mauris.,10,20,2025-05-09T06:15:14Z
538,26,"Vulture, oriental white-backed",Donec vitae nisi.,10,10,2025-10-29T14:40:42Z
539,21,"Otter, brazilian",Praesent lectus.,10,20,
540,24,North American beaver,"Mauris enim leo, rhoncus sed, vestibulum sit amet, cursus id, turpis.",10,20,2025-04-28T19:53:09Z
541,4,Crimson-breasted shrike,Phasellus in felis.,20,30,
542,24,"Porcupine, north american",Nunc nisl.,20,30,
543,6,"Bulbul, black-eyed","Maecenas tristique, est et tempus semper, est quam pharetra magna, ac consequat metus sapien ut nunc.",20,20,2025-10-23T16:03:39Z
544,4,Gerenuk,In hac habitasse platea dictumst.,20,30,2025-07-21T14:17:09Z
545,12,"Bird, red-billed tropic",Mauris sit amet eros.,20,10,2025-09-05T16:11:27Z
546,18,"Cat, ringtail",Nulla tempus.,10,20,
547,25,"Zorro, azara's",Nullam porttitor lacus at turpis.,30,20,2025-01-04T23:05:51Z
548,27,"Squirrel, malabar",Vestibulum ante ipsum primis in faucibus orci luctus et ultrices posuere cubilia Curae; Nulla dapibus dolor vel est.,30,30,2025-06-25T12:01:26Z
549,1,American racer,Sed vel enim sit amet nunc viverra dapibus.,10,10,2025-03-09T07:49:58Z
550,14,Small Indian mongoose,In sagittis dui vel nisl.,30,30,2025-07-09T21:32:49Z
551,20,Netted rock dragon,Etiam faucibus cursus urna.,20,10,2025-08-15T19:43:59Z
552,28,Lesser double-collared sunbird,In hac habitasse platea dictumst.,30,30,
553,23,"Lynx, african",Donec vitae nisi.,20,30,2025-03-13T21:56:36Z
554,10,Puma,Donec vitae nisi.,10,30,
555,25,Ocelot,Donec semper sapien a libero.,20,10,
556,5,Blackbuck,Fusce posuere felis sed lacus.,20,10,2025-05-01T07:05:04Z
557,5,"Salmon, sockeye",In eleifend quam a odio.,30,20,2025-09-10T08:39:17Z
558,16,"Lemur, lesser mouse",In hac habitasse platea dictumst.,10,30,2025-12-08T02:13:28Z
559,3,"Otter, giant",Mauris lacinia sapien quis libero.,20,20,2025-11-30T11:54:36Z
560,11,"Lemur, ring-tailed",Vivamus tortor.,20,10,2025-10-31T12:02:09Z
561,12,Collared peccary,Donec quis orci eget orci vehicula condimentum.,10,30,2024-12-23T21:26:20Z
562,22,Dromedary camel,Morbi quis tortor id nulla ultrices aliquet.,30,10,2025-01-15T06:05:48Z
563,16,Brindled gnu,"Maecenas tristique, est et tempus semper, est quam pharetra magna, ac consequat metus sapien ut nunc.",30,20,2025-12-01T13:28:58Z
564,17,South American sea lion,Mauris lacinia sapien quis libero.,10,30,2025-11-12T21:54:21Z
565,23,"Alligator, mississippi",Nulla mollis molestie lorem.,30,20,2025-08-28T23:43:52Z
566,2,Marabou stork,Mauris sit amet eros.,10,30,2025-01-01T10:51:36Z
567,30,"Magpie, australian","Morbi vestibulum, velit id pretium iaculis, diam erat fermentum justo, nec condimentum neque sapien placerat ante.",30,20,2025-06-01T20:17:28Z
568,27,"Eagle, african fish","Donec odio justo, sollicitudin ut, suscipit a, feugiat et, eros.",30,10,2025-06-25T03:11:26Z
569,15,Pied crow,Mauris sit amet eros.,10,20,2025-03-24T00:30:05Z
570,8,"Lark, horned",Integer non velit.,30,30,2025-08-28T12:45:21Z
571,27,"Starfish, crown of thorns",Nulla ut erat id mauris vulputate elementum.,10,10,2025-07-20T07:21:06Z
572,22,White-rumped vulture,Nulla nisl.,10,10,2025-10-20T05:52:25Z
573,2,Red-knobbed coot,In congue.,10,20,2025-08-02T18:43:07Z
574,23,Tasmanian devil,Integer ac leo.,10,10,2025-04-25T23:27:22Z
575,8,"Starling, greater blue-eared",Proin interdum mauris non ligula pellentesque ultrices.,20,10,2025-01-01T00:15:23Z
576,6,Prairie falcon,"In tempor, turpis nec euismod scelerisque, quam turpis adipiscing lorem, vitae mattis nibh ligula nec sem.",10,10,2025-08-22T22:40:07Z
577,14,"Python, carpet","Quisque erat eros, viverra eget, congue eget, semper rutrum, nulla.",30,10,2025-03-26T05:44:09Z
578,17,"Squirrel, antelope ground",Proin eu mi.,20,20,2025-01-31T08:22:41Z
579,11,"Dog, african wild",Curabitur in libero ut massa volutpat convallis.,10,30,
580,4,"Woodcock, american",Aliquam sit amet diam in magna bibendum imperdiet.,30,10,2025-06-14T08:01:02Z
581,14,"Legaan, ground",Nulla justo.,30,10,2025-07-12T05:31:11Z
582,7,"Eagle, tawny","Duis bibendum, felis sed interdum venenatis, turpis enim blandit mi, in porttitor pede justo eu massa.",20,10,2025-06-23T06:33:21Z
583,6,Western palm tanager (unidentified),Quisque id justo sit amet sapien dignissim vestibulum.,30,20,2025-02-28T09:46:01Z
584,23,Tokay gecko,"Nam ultrices, libero non mattis pulvinar, nulla pede ullamcorper augue, a suscipit nulla elit ac nulla.",30,10,2024-12-20T19:55:34Z
585,3,Paradoxure,In hac habitasse platea dictumst.,30,10,2025-04-01T09:36:06Z
586,16,"Goose, cereopsis",Maecenas pulvinar lobortis est.,10,20,2025-04-07T08:04:05Z
587,23,Cheetah,"Nam congue, risus semper porta volutpat, quam pede lobortis ligula, sit amet eleifend pede libero quis orci.",20,10,2025-09-29T19:16:16Z
588,1,Red-billed hornbill,Suspendisse potenti.,30,20,2025-05-07T03:46:36Z
589,14,Asian red fox,"Lorem ipsum dolor sit amet, consectetuer adipiscing elit.",20,10,2025-11-22T07:12:42Z
590,1,Osprey,Suspendisse accumsan tortor quis turpis.,30,10,2025-08-22T02:28:29Z
591,17,Common wolf,"Fusce lacus purus, aliquet at, feugiat non, pretium quis, lectus.",20,30,2025-03-02T09:00:10Z
592,25,"Squirrel, golden-mantled ground","Cum sociis natoque penatibus et magnis dis parturient montes, nascetur ridiculus mus.",20,20,2025-03-01T04:37:45Z
593,22,"Weaver, sociable","In tempor, turpis nec euismod scelerisque, quam turpis adipiscing lorem, vitae mattis nibh ligula nec sem.",20,10,2025-04-02T01:30:24Z
594,28,Nile crocodile,"Morbi vestibulum, velit id pretium iaculis, diam erat fermentum justo, nec condimentum neque sapien placerat ante.",30,20,2024-12-25T04:24:28Z
595,20,"Dragonfly, russian",Vivamus in felis eu sapien cursus vestibulum.,30,30,2025-03-10T23:34:54Z
596,16,Honey badger,"Integer pede justo, lacinia eget, tincidunt eget, tempus vel, pede.",30,30,
597,5,White-throated robin,Vestibulum sed magna at nunc commodo placerat.,20,10,2025-06-30T02:26:09Z
598,28,Tammar wallaby,Maecenas tincidunt lacus at velit.,30,20,
599,14,"Chipmunk, least",Nulla facilisi.,30,10,2025-06-07T14:41:24Z
600,19,"Whale, baleen",Nulla justo.,30,10,2025-03-27T15:20:28Z
601,9,"Legaan, water",Nam tristique tortor eu pede.,20,30,2025-03-07T19:10:26Z
602,27,"Porcupine, prehensile-tailed",Proin risus.,20,10,2025-07-28T04:11:14Z
603,22,"Quoll, spotted-tailed",Quisque porta volutpat erat.,30,10,2025-10-25T02:01:07Z
604,20,"Squirrel, malabar",Duis bibendum.,30,30,2025-07-11T07:49:57Z
605,20,"Gorilla, western lowland",Morbi porttitor lorem id ligula.,20,30,2025-05-30T19:35:28Z
606,18,"Dragon, frilled",Curabitur in libero ut massa volutpat convallis.,20,20,2025-05-09T14:26:19Z
607,23,Wild turkey,Vestibulum ante ipsum primis in faucibus orci luctus et ultrices posuere cubilia Curae; Mauris viverra diam vitae quam.,10,20,2025-06-29T06:32:54Z
608,24,Bleeding heart monkey,In eleifend quam a odio.,20,10,2025-01-31T12:53:31Z
609,3,Chimpanzee,"Vivamus metus arcu, adipiscing molestie, hendrerit at, vulputate vitae, nisl.",30,10,
610,27,Small-clawed otter,Vestibulum ante ipsum primis in faucibus orci luctus et ultrices posuere cubilia Curae; Duis faucibus accumsan odio.,20,10,2025-01-25T10:58:09Z
611,18,"Monkey, black spider",Nulla nisl.,20,30,2025-09-15T16:14:47Z
612,18,"Monkey, vervet",Etiam vel augue.,20,30,2025-12-02T07:07:44Z
613,6,Blue-faced booby,Maecenas ut massa quis augue luctus tincidunt.,20,20,2025-04-05T16:17:20Z
614,22,Lappet-faced vulture,"Morbi vestibulum, velit id pretium iaculis, diam erat fermentum justo, nec condimentum neque sapien placerat ante.",10,20,2025-09-02T05:48:21Z
615,3,"Moccasin, water","Aliquam augue quam, sollicitudin vitae, consectetuer eget, rutrum at, lorem.",10,10,2025-09-01T20:46:47Z
616,22,Crested screamer,Curabitur at ipsum ac tellus semper interdum.,30,30,2025-07-04T03:49:47Z
617,26,"Zebra, plains",Donec quis orci eget orci vehicula condimentum.,20,30,2025-10-19T13:36:57Z
618,24,Frilled dragon,Duis ac nibh.,10,30,2025-02-09T12:20:11Z
619,14,Hoary marmot,Ut at dolor quis odio consequat varius.,10,10,2025-06-23T13:50:30Z
620,13,Magnificent frigate bird,In quis justo.,10,20,2024-12-31T07:47:33Z
621,9,"Lourie, grey",Quisque id justo sit amet sapien dignissim vestibulum.,10,10,2025-05-15T00:51:38Z
622,23,Laughing dove,Nullam varius.,30,30,2025-01-25T17:07:13Z
623,3,Hanuman langur,"Fusce congue, diam id ornare imperdiet, sapien urna pretium nisl, ut volutpat sapien arcu sed augue.",20,30,2025-10-29T09:46:21Z
624,5,Lapwing (unidentified),Praesent id massa id nisl venenatis lacinia.,20,20,2025-05-07T12:34:23Z
625,13,Burchell's gonolek,Donec semper sapien a libero.,20,10,2025-06-25T11:58:56Z
626,20,"Plover, three-banded",Nullam varius.,10,10,2025-02-02T16:47:00Z
627,22,"Whale, baleen",Nam tristique tortor eu pede.,30,20,2025-04-07T23:13:38Z
628,3,"Crab, sally lightfoot","Lorem ipsum dolor sit amet, consectetuer adipiscing elit.",20,30,
629,26,Pocket gopher (unidentified),Phasellus in felis.,20,20,2025-09-19T12:46:34Z
630,10,Cape white-eye,Fusce posuere felis sed lacus.,10,10,2025-08-18T01:26:44Z
631,27,Tsessebe,Praesent blandit.,30,20,2025-05-01T22:55:01Z
632,11,White-headed vulture,Nulla suscipit ligula in lacus.,30,20,
633,29,Comb duck,Praesent blandit.,20,20,2025-10-10T01:47:54Z
634,3,"Iguana, land",Praesent lectus.,20,20,2025-04-09T15:55:00Z
635,4,Western patch-nosed snake,Vivamus in felis eu sapien cursus vestibulum.,30,30,
636,12,"Gazelle, thomson's",Donec ut mauris eget massa tempor convallis.,20,20,
637,13,"Pheasant, common","Quisque erat eros, viverra eget, congue eget, semper rutrum, nulla.",30,20,2025-05-29T05:44:15Z
638,20,Green-backed heron,Duis at velit eu est congue elementum.,20,20,2025-10-13T23:30:43Z
639,25,"Bandicoot, long-nosed",Donec vitae nisi.,10,10,2025-07-26T15:42:05Z
640,11,"Squirrel, uinta ground",Etiam faucibus cursus urna.,30,10,
641,9,Cape cobra,Morbi a ipsum.,20,30,2025-07-13T05:49:00Z
642,12,Springhare,Praesent blandit.,20,20,2025-04-23T20:01:33Z
643,23,African darter,"Fusce lacus purus, aliquet at, feugiat non, pretium quis, lectus.",10,10,2025-06-23T03:16:28Z
644,4,Southern tamandua,"Donec odio justo, sollicitudin ut, suscipit a, feugiat et, eros.",30,20,2024-12-19T05:49:39Z
645,19,House crow,Integer ac leo.,20,30,2025-03-20T11:02:00Z
646,27,Lava gull,Quisque porta volutpat erat.,10,20,2025-01-12T18:33:42Z
647,24,"Snake, eastern indigo",Aenean auctor gravida sem.,30,20,
648,19,"Lorikeet, scaly-breasted",In blandit ultrices enim.,10,10,
649,20,"Deer, mule","Maecenas tristique, est et tempus semper, est quam pharetra magna, ac consequat metus sapien ut nunc.",30,20,2025-05-01T21:48:20Z
650,15,"Bird, red-billed tropic",Donec ut mauris eget massa tempor convallis.,20,10,2025-08-31T09:28:42Z
651,30,"Barbet, crested",Praesent blandit.,10,20,2025-07-01T07:55:58Z
652,12,Killer whale,Donec semper sapien a libero.,30,20,2025-07-27T05:37:22Z
653,9,Cormorant (unidentified),Vivamus in felis eu sapien cursus vestibulum.,20,20,2025-09-30T21:49:29Z
654,5,Carpet python,Donec vitae nisi.,20,10,2025-07-15T12:46:55Z
655,20,Four-striped grass mouse,Praesent blandit lacinia erat.,30,20,2024-12-23T14:53:51Z
656,5,Common waterbuck,Nullam varius.,10,20,2025-02-10T18:59:32Z
657,17,"Dragonfly, russian",Vivamus vestibulum sagittis sapien.,30,10,2025-10-04T12:36:23Z
658,10,Common mynah,"In est risus, auctor sed, tristique in, tempus sit amet, sem.",10,10,2025-08-25T20:50:06Z
659,17,Burrowing owl,Nam tristique tortor eu pede.,30,30,2025-01-20T23:36:53Z
660,24,Sulfur-crested cockatoo,"Lorem ipsum dolor sit amet, consectetuer adipiscing elit.",30,30,2025-05-15T06:41:00Z
661,8,"Hartebeest, red",Nunc purus.,30,30,2025-06-29T13:36:20Z
662,9,"Deer, spotted",Nulla suscipit ligula in lacus.,20,30,2025-06-05T17:32:58Z
663,9,"Duck, mountain",Vestibulum rutrum rutrum neque.,20,20,2025-07-08T18:17:46Z
664,6,Striped dolphin,Maecenas tincidunt lacus at velit.,30,30,2025-06-29T07:08:51Z
665,3,Greater kudu,Donec vitae nisi.,10,30,
666,19,"Glider, sugar",Nullam sit amet turpis elementum ligula vehicula consequat.,10,30,2025-03-03T04:19:21Z
667,27,Western palm tanager (unidentified),"Morbi vestibulum, velit id pretium iaculis, diam erat fermentum justo, nec condimentum neque sapien placerat ante.",30,30,2025-08-27T12:34:15Z
668,27,"Hawk, red-tailed",Nulla nisl.,20,10,
669,4,"Tortoise, burmese brown mountain","Cras mi pede, malesuada in, imperdiet et, commodo vulputate, justo.",20,20,2025-01-19T11:08:07Z
670,10,Grant's gazelle,"Maecenas leo odio, condimentum id, luctus nec, molestie sed, justo.",20,20,2025-02-28T14:22:02Z
671,4,Crab-eating raccoon,Donec vitae nisi.,30,30,2025-05-21T04:06:30Z
672,19,Nyala,Maecenas rhoncus aliquam lacus.,20,20,
673,23,White-headed vulture,Nullam molestie nibh in lectus.,10,20,2025-01-28T23:23:28Z
674,5,"Duck, blue",Proin eu mi.,10,20,2025-02-16T22:38:14Z
675,7,Brush-tailed rat kangaroo,Maecenas pulvinar lobortis est.,20,30,2025-09-02T13:52:44Z
676,13,Flightless cormorant,Vestibulum ac est lacinia nisi venenatis tristique.,10,30,
677,18,"Squirrel, nelson ground",Cras pellentesque volutpat dui.,10,20,2025-05-31T20:41:22Z
678,26,"Creeper, black-tailed tree","Vivamus metus arcu, adipiscing molestie, hendrerit at, vulputate vitae, nisl.",10,10,2025-07-23T18:44:32Z
679,22,"Gecko, tokay",Sed sagittis.,30,20,2025-12-01T19:58:42Z
680,26,American badger,Vestibulum ante ipsum primis in faucibus orci luctus et ultrices posuere cubilia Curae; Nulla dapibus dolor vel est.,10,30,2025-11-15T17:26:08Z
681,17,African black crake,Curabitur in libero ut massa volutpat convallis.,10,20,
682,27,Flying fox (unidentified),"Nullam orci pede, venenatis non, sodales sed, tincidunt eu, felis.",20,10,2025-09-28T18:24:34Z
683,13,Giant otter,Maecenas tincidunt lacus at velit.,20,10,2025-02-12T00:22:58Z
684,17,Blue catfish,Duis ac nibh.,30,20,2025-01-18T00:10:24Z
685,23,Kori bustard,Vestibulum ante ipsum primis in faucibus orci luctus et ultrices posuere cubilia Curae; Nulla dapibus dolor vel est.,10,10,2025-10-31T19:32:12Z
686,14,Red-billed tropic bird,Proin interdum mauris non ligula pellentesque ultrices.,20,10,2025-11-25T07:07:09Z
687,5,Silver-backed jackal,In eleifend quam a odio.,20,30,
688,28,Western patch-nosed snake,Nulla ut erat id mauris vulputate elementum.,20,10,
689,26,"Chipmunk, least",Duis aliquam convallis nunc.,20,10,2025-04-02T03:13:43Z
690,2,"Oryx, beisa",Donec posuere metus vitae ipsum.,30,10,
691,30,"Goose, canada",Quisque porta volutpat erat.,20,20,2025-11-18T10:11:37Z
692,25,"Hornbill, southern ground","In est risus, auctor sed, tristique in, tempus sit amet, sem.",20,30,
693,19,Springhare,Proin risus.,10,10,2025-04-18T08:05:11Z
694,25,Four-spotted skimmer,Nulla nisl.,20,30,2025-09-09T11:28:46Z
695,18,European shelduck,Integer a nibh.,20,20,2025-03-21T01:22:00Z
696,13,"Antelope, sable",Maecenas pulvinar lobortis est.,10,30,2025-11-26T18:00:53Z
697,3,Defassa waterbuck,"Morbi vestibulum, velit id pretium iaculis, diam erat fermentum justo, nec condimentum neque sapien placerat ante.",30,10,2025-06-21T20:09:18Z
698,18,"Marshbird, brown and yellow",Curabitur gravida nisi at nibh.,10,20,2025-07-25T16:39:35Z
699,21,"Fox, grey",Nulla tellus.,10,30,2025-05-18T20:19:43Z
700,22,European spoonbill,In sagittis dui vel nisl.,30,30,2025-11-03T10:01:19Z
701,19,"Dog, black-tailed prairie",Ut tellus.,30,20,2024-12-11T18:08:13Z
702,12,"Cormorant, flightless",In hac habitasse platea dictumst.,20,10,2025-10-16T09:07:15Z
703,25,"Deer, white-tailed",Proin at turpis a pede posuere nonummy.,10,30,2025-11-05T05:22:56Z
704,22,Great horned owl,Vestibulum sed magna at nunc commodo placerat.,10,20,2025-01-28T01:18:18Z
705,14,"Crane, blue","Cum sociis natoque penatibus et magnis dis parturient montes, nascetur ridiculus mus.",30,20,2025-08-30T13:18:34Z
706,11,Nubian bee-eater,"Quisque erat eros, viverra eget, congue eget, semper rutrum, nulla.",10,30,2025-04-28T00:11:41Z
707,24,"Turkey, australian brush",Duis at velit eu est congue elementum.,30,20,2025-11-19T10:28:38Z
708,27,"Thrasher, curve-billed","Fusce lacus purus, aliquet at, feugiat non, pretium quis, lectus.",20,30,2025-01-31T20:16:34Z
709,5,"Roadrunner, greater",Sed sagittis.,10,30,2025-05-31T14:40:56Z
710,9,"Glider, squirrel",Duis ac nibh.,30,20,
711,1,Oribi,Cras pellentesque volutpat dui.,20,30,2025-01-28T02:56:09Z
712,6,Puna ibis,"Nam congue, risus semper porta volutpat, quam pede lobortis ligula, sit amet eleifend pede libero quis orci.",30,30,2025-11-10T15:26:58Z
713,12,Secretary bird,Etiam pretium iaculis justo.,20,10,2025-01-13T14:40:54Z
714,20,"Goat, mountain",Nulla ac enim.,30,30,2025-02-10T05:39:03Z
715,18,"Trumpeter, green-winged",Quisque ut erat.,30,10,2025-02-12T17:10:13Z
716,11,"Goose, greylag",Vestibulum ante ipsum primis in faucibus orci luctus et ultrices posuere cubilia Curae; Duis faucibus accumsan odio.,10,20,2025-08-08T09:42:28Z
717,25,"Crane, stanley",Vestibulum rutrum rutrum neque.,30,10,2025-11-12T18:40:04Z
718,17,"Eagle, white-bellied sea","Quisque arcu libero, rutrum ac, lobortis vel, dapibus at, diam.",30,30,2025-05-28T21:41:10Z
719,6,Euro wallaby,"Donec diam neque, vestibulum eget, vulputate ut, ultrices vel, augue.",10,10,2025-09-22T04:36:22Z
720,15,"Snake, eastern indigo",Maecenas tincidunt lacus at velit.,20,10,2024-12-30T03:27:44Z
721,26,Southern sea lion,"In est risus, auctor sed, tristique in, tempus sit amet, sem.",10,30,2025-01-12T17:09:47Z
722,14,White-lipped peccary,Donec ut mauris eget massa tempor convallis.,20,10,2025-07-21T02:42:41Z
723,27,Steller's sea lion,Donec ut dolor.,30,10,2025-09-01T13:39:49Z
724,11,Common melba finch,Nulla suscipit ligula in lacus.,20,20,2025-10-14T18:39:47Z
725,14,"Spurfowl, yellow-necked",Donec quis orci eget orci vehicula condimentum.,20,30,2025-04-22T08:47:25Z
726,29,"Turkey, common",Duis at velit eu est congue elementum.,10,30,
727,12,White-rumped vulture,Phasellus sit amet erat.,20,20,2025-05-29T11:47:52Z
728,8,Eastern fox squirrel,"Mauris enim leo, rhoncus sed, vestibulum sit amet, cursus id, turpis.",10,10,2025-06-22T17:34:22Z
729,20,Blue waxbill,In sagittis dui vel nisl.,20,30,2025-06-11T18:17:49Z
730,7,Monitor lizard (unidentified),Aenean fermentum.,10,20,2025-11-29T17:12:57Z
731,5,Cook's tree boa,Mauris lacinia sapien quis libero.,20,10,2025-09-17T05:51:50Z
732,21,Mandras tree shrew,Pellentesque ultrices mattis odio.,30,10,
733,3,"Possum, ring-tailed",Maecenas tincidunt lacus at velit.,30,20,
734,5,Paca,Nunc purus.,10,10,2025-01-03T12:57:53Z
735,30,Musk ox,Mauris ullamcorper purus sit amet nulla.,10,30,2025-01-24T23:46:15Z
736,1,Secretary bird,Vestibulum rutrum rutrum neque.,30,30,2025-06-06T12:09:12Z
737,14,Red-necked wallaby,Donec posuere metus vitae ipsum.,10,30,2025-03-05T06:11:01Z
738,27,Great skua,"Proin leo odio, porttitor id, consequat in, consequat ut, nulla.",10,30,2025-02-22T00:04:38Z
739,10,Bleeding heart monkey,Duis mattis egestas metus.,10,20,2025-04-28T15:55:55Z
740,16,Rainbow lory,Suspendisse potenti.,10,30,2025-01-29T04:38:52Z
741,13,"Pie, rufous tree",Mauris sit amet eros.,30,30,
742,8,"Gecko, tokay",Cras non velit nec nisi vulputate nonummy.,20,30,2025-11-19T15:46:44Z
743,8,"Marmot, yellow-bellied",Praesent blandit.,20,10,2025-01-19T13:58:26Z
744,7,Laughing dove,In congue.,20,20,2025-10-24T01:22:45Z
745,9,Eleven-banded armadillo (unidentified),"Maecenas leo odio, condimentum id, luctus nec, molestie sed, justo.",10,30,2025-09-02T08:28:38Z
746,10,Great kiskadee,Nulla facilisi.,30,10,2025-07-16T01:57:44Z
747,30,"Chipmunk, least",Nulla tellus.,30,20,2025-11-09T23:45:59Z
748,2,Frilled dragon,Integer non velit.,20,30,2025-06-05T05:30:37Z
749,3,"Penguin, fairy",Maecenas ut massa quis augue luctus tincidunt.,20,10,2025-04-16T17:48:38Z
750,23,"Kangaroo, eastern grey",Praesent blandit.,10,20,2025-05-16T22:34:21Z
751,23,Pale-throated three-toed sloth,Nullam varius.,20,20,2025-08-22T00:37:45Z
752,28,"Fox, grey",Aenean sit amet justo.,10,20,2025-04-19T16:47:18Z
753,6,Four-horned antelope,Nulla facilisi.,20,20,2025-08-10T09:10:43Z
754,24,"Badger, eurasian",Donec vitae nisi.,30,30,2024-12-13T10:35:40Z
755,13,Black bear,"In tempor, turpis nec euismod scelerisque, quam turpis adipiscing lorem, vitae mattis nibh ligula nec sem.",20,10,2025-02-19T06:26:55Z
756,21,Thomson's gazelle,"Quisque erat eros, viverra eget, congue eget, semper rutrum, nulla.",30,10,2025-08-09T12:03:44Z
757,23,"Trotter, lily",Maecenas ut massa quis augue luctus tincidunt.,20,30,2024-12-22T18:24:55Z
758,10,"Coot, red-knobbed",In hac habitasse platea dictumst.,10,30,2025-09-14T00:51:33Z
759,27,"Trumpeter, dark-winged",Praesent id massa id nisl venenatis lacinia.,30,10,2025-02-01T15:43:36Z
760,24,"Shrike, southern white-crowned","Morbi sem mauris, laoreet ut, rhoncus aliquet, pulvinar sed, nisl.",20,10,
761,26,Butterfly (unidentified),Etiam justo.,20,10,2025-12-10T00:48:38Z
762,16,"Possum, western pygmy",Duis aliquam convallis nunc.,10,10,2025-02-01T17:03:00Z
763,23,Yellow baboon,Aenean lectus.,20,10,2025-10-19T13:38:48Z
764,5,Eastern diamondback rattlesnake,"Donec diam neque, vestibulum eget, vulputate ut, ultrices vel, augue.",20,30,2025-01-01T21:07:38Z
765,22,"Rattlesnake, eastern diamondback",Cras in purus eu magna vulputate luctus.,20,20,
766,30,Common ringtail,Fusce consequat.,30,10,2025-11-16T02:10:52Z
767,13,Baleen whale,Nullam molestie nibh in lectus.,20,30,2025-01-19T08:04:26Z
768,27,Brown brocket,Curabitur gravida nisi at nibh.,10,20,2025-01-13T16:29:28Z
769,30,Civet cat,Mauris ullamcorper purus sit amet nulla.,20,20,2025-10-09T05:01:59Z
770,3,Lilac-breasted roller,Etiam justo.,20,30,2025-05-07T17:39:27Z
771,24,Gila monster,Morbi ut odio.,30,20,
772,25,Polar bear,Proin at turpis a pede posuere nonummy.,20,10,2025-08-29T14:44:32Z
773,9,"Crane, blue",Cras pellentesque volutpat dui.,10,30,
774,19,Common turkey,"Donec odio justo, sollicitudin ut, suscipit a, feugiat et, eros.",10,30,2025-05-30T20:36:01Z
775,28,Galapagos hawk,"Morbi vestibulum, velit id pretium iaculis, diam erat fermentum justo, nec condimentum neque sapien placerat ante.",10,20,2025-10-19T21:36:08Z
776,17,"Snake, tiger",Suspendisse potenti.,20,10,2025-10-13T19:41:00Z
777,7,Glossy ibis,Curabitur at ipsum ac tellus semper interdum.,30,20,2025-10-22T07:37:12Z
778,20,"Fox, savanna",Etiam pretium iaculis justo.,20,20,
779,18,"Crane, sandhill",Duis at velit eu est congue elementum.,20,30,
780,18,Yellow-necked spurfowl,Duis mattis egestas metus.,20,30,
781,18,Great horned owl,Quisque porta volutpat erat.,10,10,2025-11-03T17:46:47Z
782,22,Common melba finch,Duis aliquam convallis nunc.,20,30,2025-09-04T23:26:02Z
783,1,"Insect, stick","Lorem ipsum dolor sit amet, consectetuer adipiscing elit.",20,10,
784,8,"Baboon, yellow","Integer aliquet, massa id lobortis convallis, tortor risus dapibus augue, vel accumsan tellus nisi eu orci.",30,20,2025-07-07T03:27:21Z
785,1,African black crake,Pellentesque ultrices mattis odio.,30,10,2025-08-25T19:35:12Z
786,18,American buffalo,Aliquam erat volutpat.,30,30,2025-11-01T13:00:13Z
787,21,White-winged dove,"Quisque arcu libero, rutrum ac, lobortis vel, dapibus at, diam.",10,30,2025-08-15T16:48:41Z
788,19,"Trumpeter, dark-winged",Vivamus tortor.,20,30,2025-11-28T02:59:39Z
789,2,"Wallaby, tammar",Sed sagittis.,10,20,
790,21,"Heron, grey","Aliquam augue quam, sollicitudin vitae, consectetuer eget, rutrum at, lorem.",10,10,2025-07-08T02:55:37Z
791,16,Gray rhea,Duis bibendum.,10,10,2025-03-24T16:26:10Z
792,1,European beaver,Nulla nisl.,30,30,
793,14,"Francolin, swainson's",Pellentesque ultrices mattis odio.,20,10,2025-01-13T12:49:49Z
794,3,Tammar wallaby,Pellentesque eget nunc.,10,10,2025-01-05T02:55:26Z
795,8,"Hawk, galapagos",Etiam justo.,30,10,2025-02-02T16:52:04Z
796,28,Hoffman's sloth,Proin eu mi.,30,30,2025-04-22T10:09:29Z
797,25,"Openbill, asian",Morbi non lectus.,30,20,2025-06-05T18:07:14Z
798,25,Long-finned pilot whale,Suspendisse accumsan tortor quis turpis.,10,10,
799,29,Puna ibis,Suspendisse ornare consequat lectus.,30,10,2025-12-02T12:59:25Z
800,5,"Starling, superb",Nulla nisl.,30,30,2025-06-20T11:10:46Z
801,26,Trumpeter swan,Aliquam sit amet diam in magna bibendum imperdiet.,30,20,2025-05-22T14:15:05Z
802,8,"Fox, cape","Donec odio justo, sollicitudin ut, suscipit a, feugiat et, eros.",30,20,2025-05-12T01:46:00Z
803,29,Caracara (unidentified),Curabitur gravida nisi at nibh.,10,20,2025-02-16T15:07:44Z
804,3,"Crane, blue",Aenean auctor gravida sem.,10,30,2025-09-08T15:47:33Z
805,14,Marabou stork,"Lorem ipsum dolor sit amet, consectetuer adipiscing elit.",30,10,2025-07-30T15:53:32Z
806,10,"Bushbaby, large-eared",In congue.,10,30,2025-04-12T19:17:07Z
807,12,European spoonbill,Cras in purus eu magna vulputate luctus.,20,30,
808,12,"Oystercatcher, blackish",Nulla justo.,20,20,2025-09-04T04:35:43Z
809,12,"Magpie, australian",In hac habitasse platea dictumst.,20,10,2025-04-05T03:56:02Z
810,21,"Genet, common",Etiam justo.,10,20,2025-02-27T09:31:04Z
811,3,Lesser mouse lemur,Suspendisse potenti.,10,30,2024-12-19T17:49:24Z
812,5,Red-breasted cockatoo,Vestibulum rutrum rutrum neque.,10,20,2025-12-04T06:08:00Z
813,27,"Stilt, black-winged",Donec vitae nisi.,10,30,2025-01-20T11:17:41Z
814,6,Common eland,Curabitur convallis.,20,10,2025-07-06T19:35:15Z
815,7,"Dove, emerald-spotted wood",Suspendisse potenti.,10,30,2025-03-31T06:28:39Z
816,24,"Goldeneye, common",Praesent lectus.,10,20,2025-07-20T05:39:10Z
817,6,Harbor seal,Duis consequat dui nec nisi volutpat eleifend.,10,10,2025-03-09T20:26:25Z
818,8,"Goose, greylag",Nullam varius.,10,10,2025-10-31T11:51:59Z
819,13,Black-eyed bulbul,Vivamus in felis eu sapien cursus vestibulum.,30,20,2025-02-14T01:26:35Z
820,11,"Stork, european",Phasellus sit amet erat.,10,20,2025-05-07T08:52:28Z
821,5,"Civet, common palm","Nullam orci pede, venenatis non, sodales sed, tincidunt eu, felis.",10,30,2025-03-27T09:58:37Z
822,5,Canadian tiger swallowtail butterfly,"Maecenas leo odio, condimentum id, luctus nec, molestie sed, justo.",10,30,2025-04-04T14:15:48Z
823,20,Indian red admiral,Aenean auctor gravida sem.,20,20,2025-03-13T22:05:01Z
824,4,Lesser flamingo,Donec vitae nisi.,10,10,
825,18,Blue fox,In sagittis dui vel nisl.,10,20,2025-11-15T12:39:55Z
826,10,Jabiru stork,Maecenas ut massa quis augue luctus tincidunt.,30,20,
827,11,"Peccary, white-lipped",Vestibulum ante ipsum primis in faucibus orci luctus et ultrices posuere cubilia Curae; Nulla dapibus dolor vel est.,10,10,2025-06-05T11:58:29Z
828,27,Darwin ground finch (unidentified),Morbi ut odio.,30,30,2025-11-23T18:20:20Z
829,10,"Mongoose, eastern dwarf","Nullam orci pede, venenatis non, sodales sed, tincidunt eu, felis.",30,30,2025-06-20T07:15:54Z
830,16,White-rumped vulture,Pellentesque ultrices mattis odio.,10,10,2025-08-13T02:13:01Z
831,1,"Coatimundi, ring-tailed",Cras in purus eu magna vulputate luctus.,20,10,2024-12-17T13:31:45Z
832,19,"Shrike, southern white-crowned","Vestibulum ante ipsum primis in faucibus orci luctus et ultrices posuere cubilia Curae; Donec pharetra, magna vestibulum aliquet ultrices, erat tortor sollicitudin mi, sit amet lobortis sapien sapien non mi.",30,30,2025-05-13T15:45:43Z
833,2,"Sandgrouse, yellow-throated","Aliquam augue quam, sollicitudin vitae, consectetuer eget, rutrum at, lorem.",30,10,2025-04-13T04:56:09Z
834,22,"Snake, western patch-nosed",In quis justo.,10,20,2025-07-20T05:05:42Z
835,3,"Salmon, sockeye",Ut at dolor quis odio consequat varius.,10,10,2025-10-31T14:31:54Z
836,12,"Macaque, pig-tailed",Duis at velit eu est congue elementum.,20,20,2025-07-11T15:44:35Z
837,14,Yellow-billed stork,"Mauris enim leo, rhoncus sed, vestibulum sit amet, cursus id, turpis.",10,20,2025-01-21T11:18:50Z
838,5,Common nighthawk,Aliquam non mauris.,20,30,2025-04-05T23:29:32Z
839,9,"Porcupine, prehensile-tailed",Vestibulum ante ipsum primis in faucibus orci luctus et ultrices posuere cubilia Curae; Nulla dapibus dolor vel est.,20,20,
840,5,"Lynx, african",Nullam molestie nibh in lectus.,20,20,2025-05-08T20:22:16Z
841,23,Golden eagle,Nunc rhoncus dui vel sem.,20,10,2025-07-26T17:39:34Z
842,14,"Goose, andean",Curabitur gravida nisi at nibh.,30,10,2025-11-04T09:15:11Z
843,27,Indian tree pie,Cras non velit nec nisi vulputate nonummy.,30,10,2025-11-24T22:52:03Z
844,17,"Heron, yellow-crowned night","In est risus, auctor sed, tristique in, tempus sit amet, sem.",10,20,2025-07-20T22:21:26Z
845,22,"Squirrel, palm",Integer tincidunt ante vel ipsum.,30,20,2025-04-19T19:21:05Z
846,7,"Sloth, two-toed tree",Duis consequat dui nec nisi volutpat eleifend.,10,10,2025-04-10T12:53:28Z
847,1,Squirrel glider,Suspendisse accumsan tortor quis turpis.,20,20,2025-04-01T14:10:05Z
848,9,"Racer, american",Aenean auctor gravida sem.,20,10,2025-01-04T23:13:27Z
849,27,Greater sage grouse,Nunc purus.,20,30,2025-05-13T13:33:45Z
850,4,"Wallaby, river",Morbi a ipsum.,30,10,2025-11-26T20:52:25Z
851,3,Emu,Nunc purus.,10,30,2025-08-12T00:50:05Z
852,12,Australian magpie,Duis at velit eu est congue elementum.,30,20,2025-11-12T15:45:01Z
853,3,"Eagle, golden",Praesent id massa id nisl venenatis lacinia.,10,20,2025-05-04T01:57:54Z
854,23,Bennett's wallaby,"Maecenas tristique, est et tempus semper, est quam pharetra magna, ac consequat metus sapien ut nunc.",20,10,2025-11-28T16:41:31Z
855,21,"Shrike, common boubou","Donec odio justo, sollicitudin ut, suscipit a, feugiat et, eros.",10,10,2025-04-30T06:06:07Z
856,7,"Plover, blacksmith",Sed accumsan felis.,20,20,2025-06-17T21:12:32Z
857,9,Savannah deer (unidentified),Cras pellentesque volutpat dui.,30,30,2025-02-03T21:40:14Z
858,14,Yellow-bellied marmot,"Aliquam augue quam, sollicitudin vitae, consectetuer eget, rutrum at, lorem.",30,30,2025-06-06T00:45:45Z
859,6,"Stork, painted",Vivamus vestibulum sagittis sapien.,30,30,2025-09-26T00:07:38Z
860,18,Malabar squirrel,"Cum sociis natoque penatibus et magnis dis parturient montes, nascetur ridiculus mus.",10,30,2025-11-30T14:30:40Z
861,5,Sarus crane,Integer tincidunt ante vel ipsum.,20,30,2025-11-17T04:48:30Z
862,17,"Butterfly, tropical buckeye",Fusce posuere felis sed lacus.,10,30,2025-07-16T18:42:06Z
863,13,Mountain lion,"Cras mi pede, malesuada in, imperdiet et, commodo vulputate, justo.",30,10,2025-10-03T16:31:18Z
864,6,"Kangaroo, jungle",Cras in purus eu magna vulputate luctus.,30,20,2025-03-09T17:41:13Z
865,21,"Insect, stick",Phasellus in felis.,20,30,2025-05-21T13:58:36Z
866,28,Arctic hare,Aliquam erat volutpat.,10,20,2025-05-26T17:34:31Z
867,10,"Deer, spotted",Proin eu mi.,30,30,2025-01-22T20:14:09Z
868,11,Woodrat (unidentified),"Proin leo odio, porttitor id, consequat in, consequat ut, nulla.",10,20,2025-08-10T14:16:51Z
869,11,"Rhinoceros, white",Nulla ac enim.,20,10,2025-07-06T01:49:01Z
870,24,African jacana,Mauris lacinia sapien quis libero.,20,30,2025-11-02T22:34:28Z
871,30,Red brocket,Phasellus sit amet erat.,20,30,2025-07-24T18:19:00Z
872,20,"Cockatoo, slender-billed",Nulla nisl.,30,30,2025-03-03T16:51:52Z
873,6,"Gull, southern black-backed","Mauris enim leo, rhoncus sed, vestibulum sit amet, cursus id, turpis.",10,20,2025-01-11T17:05:32Z
874,27,Long-necked turtle,In eleifend quam a odio.,30,10,2025-05-09T21:46:35Z
875,12,Asiatic jackal,"Morbi odio odio, elementum eu, interdum eu, tincidunt in, leo.",30,20,2025-12-09T13:03:39Z
876,1,Black swan,"Maecenas leo odio, condimentum id, luctus nec, molestie sed, justo.",10,10,2025-10-14T01:23:56Z
877,18,Potoroo,Curabitur gravida nisi at nibh.,30,30,2025-06-27T03:16:29Z
878,15,"Mockingbird, galapagos",Donec semper sapien a libero.,10,20,2025-07-17T18:16:33Z
879,21,"Cat, toddy",In congue.,20,30,
880,13,"Blackbird, red-winged",Proin interdum mauris non ligula pellentesque ultrices.,10,30,2025-05-31T22:59:14Z
881,24,Southern screamer,In quis justo.,30,30,2025-01-24T18:10:41Z
882,20,Woolly-necked stork,In sagittis dui vel nisl.,20,20,
883,27,Worm snake (unidentified),Duis consequat dui nec nisi volutpat eleifend.,20,20,2025-02-26T20:43:10Z
884,5,"Bunting, crested",Cras non velit nec nisi vulputate nonummy.,20,20,2025-07-09T09:34:46Z
885,21,"Lourie, grey",Nullam varius.,10,30,2025-02-24T14:26:23Z
886,17,Giant heron,Donec ut mauris eget massa tempor convallis.,20,20,
887,7,"White-eye, cape",Sed sagittis.,20,10,2025-11-07T00:37:21Z
888,24,Roseat flamingo,Maecenas pulvinar lobortis est.,30,30,2025-02-12T00:24:28Z
889,7,"Baboon, chacma",Curabitur in libero ut massa volutpat convallis.,20,10,2025-10-13T10:31:50Z
890,24,Asian water buffalo,Vestibulum sed magna at nunc commodo placerat.,30,10,2025-06-14T21:27:18Z
891,4,"Squirrel, golden-mantled ground",Aenean lectus.,10,30,2025-07-08T15:11:41Z
892,9,African pied wagtail,Nullam molestie nibh in lectus.,30,10,2025-10-17T18:10:32Z
893,12,Southern brown bandicoot,Vestibulum ante ipsum primis in faucibus orci luctus et ultrices posuere cubilia Curae; Duis faucibus accumsan odio.,10,30,2025-11-28T08:48:38Z
894,5,Red-tailed hawk,Suspendisse ornare consequat lectus.,30,10,
895,29,Magellanic penguin,Nunc purus.,20,30,2025-02-07T04:35:46Z
896,14,"Cat, kaffir","Vestibulum ante ipsum primis in faucibus orci luctus et ultrices posuere cubilia Curae; Donec pharetra, magna vestibulum aliquet ultrices, erat tortor sollicitudin mi, sit amet lobortis sapien sapien non mi.",10,30,2025-05-20T18:36:05Z
897,25,Great skua,In eleifend quam a odio.,10,20,2025-07-21T17:57:37Z
898,9,Southern boubou,Nulla facilisi.,30,20,2025-02-07T16:08:27Z
899,20,"Tern, arctic",Etiam faucibus cursus urna.,20,30,2025-08-04T12:28:28Z
900,30,Magellanic penguin,Vestibulum ante ipsum primis in faucibus orci luctus et ultrices posuere cubilia Curae; Duis faucibus accumsan odio.,30,30,2025-11-28T03:35:21Z
901,1,Ring dove,Quisque ut erat.,10,30,2025-01-28T15:11:43Z
902,30,"Lemur, brown","Proin leo odio, porttitor id, consequat in, consequat ut, nulla.",30,20,2025-03-03T13:58:44Z
903,9,Mallard,Nulla tellus.,10,20,2025-07-29T04:34:45Z
904,10,"Seal, harbor",Duis consequat dui nec nisi volutpat eleifend.,20,20,2025-12-01T17:54:28Z
905,25,Nine-banded armadillo,Vestibulum sed magna at nunc commodo placerat.,10,30,2025-12-06T01:26:37Z
906,14,"Mongoose, yellow",Ut at dolor quis odio consequat varius.,20,20,2025-08-21T20:03:43Z
907,27,Mocking cliffchat,Integer ac neque.,30,10,2025-08-06T01:26:13Z
908,8,Barasingha deer,Mauris lacinia sapien quis libero.,30,30,2025-06-21T21:17:30Z
909,15,Stone sheep,In hac habitasse platea dictumst.,30,20,2025-04-02T02:57:12Z
910,9,"Coatimundi, ring-tailed","Fusce lacus purus, aliquet at, feugiat non, pretium quis, lectus.",20,20,2025-05-23T03:45:18Z
911,23,"Bat, madagascar fruit",Pellentesque ultrices mattis odio.,30,10,2025-12-10T19:46:54Z
912,9,Hoffman's sloth,Phasellus id sapien in sapien iaculis congue.,30,20,2025-03-24T03:34:29Z
913,27,"Bandicoot, long-nosed",Phasellus sit amet erat.,10,20,2025-07-05T10:30:17Z
914,1,Long-billed corella,Pellentesque eget nunc.,10,20,2025-10-17T04:20:44Z
915,11,Gemsbok,In hac habitasse platea dictumst.,20,20,2025-04-10T14:05:51Z
916,20,Red meerkat,Phasellus sit amet erat.,30,10,2025-01-24T10:27:32Z
917,2,"Crow, pied","Maecenas tristique, est et tempus semper, est quam pharetra magna, ac consequat metus sapien ut nunc.",30,20,2025-01-18T17:56:34Z
918,23,White-throated robin,"Morbi odio odio, elementum eu, interdum eu, tincidunt in, leo.",10,20,2025-03-29T11:04:37Z
919,24,"Godwit, hudsonian",Cras non velit nec nisi vulputate nonummy.,10,20,2025-09-03T00:37:17Z
920,15,"Dunnart, fat-tailed",Cras in purus eu magna vulputate luctus.,20,20,2025-07-14T20:45:20Z
921,27,"Dove, white-winged",Proin eu mi.,20,10,2025-11-23T18:12:48Z
922,25,Steller's sea lion,"In tempor, turpis nec euismod scelerisque, quam turpis adipiscing lorem, vitae mattis nibh ligula nec sem.",20,10,2025-10-05T16:55:29Z
923,5,"Pademelon, red-legged",Nam nulla.,20,20,2024-12-28T05:05:05Z
924,4,"Marshbird, brown and yellow","Vivamus metus arcu, adipiscing molestie, hendrerit at, vulputate vitae, nisl.",20,30,2025-05-01T06:10:50Z
925,29,Aardwolf,Integer ac neque.,10,30,2025-09-05T10:56:37Z
926,25,"Rat, white-faced tree",Nunc nisl.,20,30,2025-02-07T09:51:00Z
927,26,"Skua, great",Maecenas pulvinar lobortis est.,10,10,2024-12-14T13:55:37Z
928,23,Blue-tongued skink,In hac habitasse platea dictumst.,10,30,2025-12-04T11:23:02Z
929,29,"Alligator, mississippi","Donec diam neque, vestibulum eget, vulputate ut, ultrices vel, augue.",30,10,2024-12-31T00:43:47Z
930,9,"Marmot, hoary",Integer a nibh.,30,10,2025-04-07T18:20:55Z
931,29,Cattle egret,Nullam sit amet turpis elementum ligula vehicula consequat.,10,10,2024-12-25T00:54:14Z
932,12,Azara's zorro,Suspendisse potenti.,10,20,2025-06-23T23:05:44Z
933,26,"Skunk, striped","Cum sociis natoque penatibus et magnis dis parturient montes, nascetur ridiculus mus.",30,30,
934,4,"Goat, mountain","Lorem ipsum dolor sit amet, consectetuer adipiscing elit.",10,20,2025-12-06T00:52:36Z
935,18,"Jacana, african",Nulla ut erat id mauris vulputate elementum.,30,30,2025-07-18T17:39:36Z
936,28,Cape raven,Etiam pretium iaculis justo.,30,10,2025-08-31T11:22:31Z
937,4,"Magpie, australian","Lorem ipsum dolor sit amet, consectetuer adipiscing elit.",20,10,2025-04-08T00:40:45Z
938,28,"Opossum, american virginia",Duis consequat dui nec nisi volutpat eleifend.,30,20,2025-08-13T08:48:31Z
939,15,"Macaw, blue and gold","Proin leo odio, porttitor id, consequat in, consequat ut, nulla.",20,10,2025-01-27T12:03:36Z
940,12,"Baboon, gelada",Morbi ut odio.,30,20,2025-03-03T09:23:24Z
941,28,"Cat, native",Sed accumsan felis.,10,20,2025-07-30T15:53:39Z
942,4,"Buffalo, african",In hac habitasse platea dictumst.,10,10,2025-11-27T09:21:10Z
943,29,White-winged black tern,Vestibulum ac est lacinia nisi venenatis tristique.,30,30,2025-11-13T15:05:44Z
944,27,"Creeper, black-tailed tree",Etiam justo.,10,10,2025-03-20T02:57:28Z
945,28,Darwin ground finch (unidentified),Pellentesque ultrices mattis odio.,30,10,2025-08-08T11:24:26Z
946,3,Striated heron,"Integer aliquet, massa id lobortis convallis, tortor risus dapibus augue, vel accumsan tellus nisi eu orci.",10,10,2025-07-11T18:11:40Z
947,7,Common raccoon,In hac habitasse platea dictumst.,10,30,2025-08-16T02:55:35Z
948,13,Ring-tailed lemur,Suspendisse ornare consequat lectus.,20,20,
949,10,Common brushtail possum,Ut tellus.,10,20,
950,1,Sidewinder,Curabitur at ipsum ac tellus semper interdum.,20,10,2025-03-04T01:00:08Z
951,16,"Otter, african clawless",Donec dapibus.,20,20,2025-05-03T00:34:59Z
952,24,"Turtle, long-necked","Vestibulum quam sapien, varius ut, blandit non, interdum in, ante.",30,30,2025-05-25T11:06:10Z
953,3,Spotted hyena,Nulla ac enim.,30,30,2025-03-29T19:03:06Z
954,22,Mexican beaded lizard,"Morbi odio odio, elementum eu, interdum eu, tincidunt in, leo.",30,30,2025-05-05T06:19:13Z
955,9,Bushbuck,"Fusce lacus purus, aliquet at, feugiat non, pretium quis, lectus.",10,20,
956,10,"Owl, snowy","Nulla neque libero, convallis eget, eleifend luctus, ultricies eu, nibh.",30,10,2024-12-21T22:25:05Z
957,1,Caribou,Ut at dolor quis odio consequat varius.,30,20,2025-09-29T03:01:46Z
958,12,Silver gull,Donec semper sapien a libero.,20,30,
959,1,Galapagos dove,In eleifend quam a odio.,20,20,2025-09-28T09:24:42Z
960,21,Red squirrel,Mauris lacinia sapien quis libero.,30,20,2025-01-13T23:33:06Z
961,7,Jungle kangaroo,Morbi ut odio.,20,10,2025-04-21T09:47:13Z
962,11,"Alligator, mississippi","Cum sociis natoque penatibus et magnis dis parturient montes, nascetur ridiculus mus.",10,10,2025-01-09T14:19:29Z
963,3,Wattled crane,"Aliquam augue quam, sollicitudin vitae, consectetuer eget, rutrum at, lorem.",10,20,2025-06-07T02:00:16Z
964,23,Savannah deer (unidentified),Morbi non lectus.,10,20,2024-12-14T05:29:18Z
965,3,"Porcupine, prehensile-tailed",Integer non velit.,10,10,2025-07-23T21:35:12Z
966,27,"Heron, gray","Mauris enim leo, rhoncus sed, vestibulum sit amet, cursus id, turpis.",20,30,2025-11-02T15:17:59Z
967,21,Woolly-necked stork,Sed sagittis.,20,30,2025-02-27T19:50:50Z
968,20,Emerald-spotted wood dove,Suspendisse potenti.,20,10,2025-03-08T16:53:21Z
969,15,African polecat,Duis aliquam convallis nunc.,30,30,2025-10-04T22:11:10Z
970,9,"Seal, harbor",Sed vel enim sit amet nunc viverra dapibus.,30,10,2025-06-22T23:58:15Z
971,15,Blue fox,Curabitur convallis.,30,10,2025-01-04T12:02:19Z
972,29,Mexican beaded lizard,Praesent blandit lacinia erat.,20,10,2025-11-12T10:50:12Z
973,25,"Gonolek, burchell's","Quisque arcu libero, rutrum ac, lobortis vel, dapibus at, diam.",20,10,2025-02-24T01:06:23Z
974,17,"Ass, asiatic wild","Donec odio justo, sollicitudin ut, suscipit a, feugiat et, eros.",30,20,2025-03-19T02:32:50Z
975,30,"Quoll, spotted-tailed","Fusce lacus purus, aliquet at, feugiat non, pretium quis, lectus.",20,10,2025-01-12T21:09:47Z
976,9,Greater blue-eared starling,Nulla tellus.,20,10,2024-12-23T23:45:03Z
977,27,"Badger, european",Duis consequat dui nec nisi volutpat eleifend.,10,10,2025-06-25T15:14:51Z
978,24,Pale white-eye,Aenean lectus.,30,30,2025-02-13T23:20:02Z
979,15,"Kingfisher, white-throated",Suspendisse ornare consequat lectus.,20,10,2025-08-30T00:20:06Z
980,21,Pallas's fish eagle,"Vivamus metus arcu, adipiscing molestie, hendrerit at, vulputate vitae, nisl.",30,10,2025-04-16T11:21:59Z
981,3,Grey heron,Nulla facilisi.,20,20,2025-07-06T09:08:02Z
982,18,Serval,Pellentesque eget nunc.,10,20,
983,5,Chuckwalla,Pellentesque viverra pede ac diam.,30,30,2025-06-05T03:50:05Z
984,14,"Snake, racer",Praesent id massa id nisl venenatis lacinia.,30,30,2025-09-12T13:20:27Z
985,7,"Rhea, greater",Curabitur convallis.,10,30,2025-03-12T08:53:56Z
986,24,South American meadowlark (unidentified),Nam nulla.,30,30,2025-06-04T04:12:22Z
987,17,"Whale, killer",Pellentesque eget nunc.,20,20,2025-01-31T07:40:35Z
988,9,Royal tern,"Quisque erat eros, viverra eget, congue eget, semper rutrum, nulla.",30,20,2025-06-17T08:39:42Z
989,10,"Sloth, hoffman's",In blandit ultrices enim.,10,30,2025-01-27T11:22:33Z
990,9,Bush dog,In hac habitasse platea dictumst.,10,20,2025-09-08T11:39:09Z
991,14,Coke's hartebeest,Donec posuere metus vitae ipsum.,30,10,2025-07-11T01:45:31Z
992,19,Eleven-banded armadillo (unidentified),Nam nulla.,10,30,2025-11-01T11:33:54Z
993,18,"Squirrel, uinta ground",In hac habitasse platea dictumst.,10,30,2025-04-09T21:32:32Z
994,28,"Macaw, blue and yellow",Duis at velit eu est congue elementum.,10,10,2025-03-16T10:39:04Z
995,26,"Shrew, mandras tree",Duis mattis egestas metus.,10,20,2025-03-14T21:42:56Z
996,13,Carpet snake,"Integer aliquet, massa id lobortis convallis, tortor risus dapibus augue, vel accumsan tellus nisi eu orci.",30,30,2025-06-08T06:27:30Z
997,21,Sable antelope,Nam tristique tortor eu pede.,20,10,2025-02-13T16:55:18Z
998,5,Dusky rattlesnake,Sed sagittis.,20,20,2025-08-29T18:13:35Z
999,6,Blacksmith plover,Proin interdum mauris non ligula pellentesque ultrices.,30,10,
1000,4,Blue-tongued lizard,"In tempor, turpis nec euismod scelerisque, quam turpis adipiscing lorem, vitae mattis nibh ligula nec sem.",10,10,2025-08-21T10:54:55Z
